,0,1,2,3,4,5,6,7,8,9,10,11,12,13,14,15,16,17,18,19,20,21,22,23
2014-01-01,113332.69,118513.45,118789.65,116847.22,116303.9,118822.06,124845.27,132500.32,139625.74,148918.74,154123.4,154704.93,152639.16,140395.04,132542.95,128043.26,131157.66,138127.61,150847.86,164864.21,165305.62,159481.75,150395.39,138441.24
2014-01-02,128060.93,119703.43,115700.0,114199.11,114791.32,116650.67,123305.79,133284.13,140646.82,146968.71,150165.32,152708.68,152681.9,146538.13,139310.51,136106.96,138019.96,144998.16,156476.56,165573.52,164299.43,157554.4,147092.77,135850.02
2014-01-03,124861.98,116882.46,112185.29,110448.73,110225.9,111898.45,117687.35,124770.21,132008.94,139644.81,145728.97,147180.16,144353.01,130023.13,117194.77,108066.79,109967.09,113691.42,130922.02,146785.98,145207.07,140365.27,131423.7,122585.84
2014-01-04,113232.09,106346.26,102810.02,98230.47,102242.06,104147.17,110317.44,119695.04,126973.51,135695.28,140745.59,143110.98,144000.7,135974.55,127323.67,119529.2,125703.17,129971.78,139029.21,155863.66,158474.24,148114.09,138149.71,126734.48
2014-01-05,116196.45,108262.36,105373.11,104769.69,105507.35,106081.78,112403.36,128565.25,139489.22,142875.93,143214.42,144639.49,142225.68,130695.08,119673.87,119375.35,117812.65,128508.57,143330.53,162567.08,160284.27,152680.72,141374.59,131127.02
2014-01-06,121939.59,114481.67,110847.31,109237.96,109977.35,112578.76,120759.48,134343.54,144293.24,146364.72,145576.66,143139.7,139533.13,128987.85,119983.76,115469.21,115657.89,124276.07,141484.93,159384.15,150631.22,137987.78,126463.29,122941.6
2014-01-07,115698.22,107947.41,110981.39,109107.87,109294.9,111006.49,117878.0,131230.19,142487.68,145565.53,147425.37,145815.08,141119.06,129064.44,119745.54,114951.05,117889.0,126022.17,137873.59,156933.4,156242.76,148413.51,138165.24,128459.94
2014-01-08,116645.56,113597.61,110421.79,109380.3,109628.5,111415.62,118524.25,131965.62,142015.02,144332.53,140285.74,140171.22,135164.03,122792.33,108779.77,107994.0,110376.74,116112.07,134953.18,154286.83,157103.02,151231.88,137495.79,126441.1
2014-01-09,119086.69,113225.52,109996.97,103634.16,109413.53,111212.88,118867.98,131645.23,140869.1,143166.55,143241.47,141183.48,135359.14,121064.96,104468.58,98142.49,100495.75,107669.12,121113.02,140134.41,141666.25,135329.99,123355.53,112083.9
2014-01-10,103451.53,97515.51,100633.37,102304.06,103020.74,104402.98,110219.27,106766.34,125238.16,136073.23,123602.86,148077.45,146852.41,134732.25,118541.14,105719.26,104235.97,114410.17,127304.82,143174.23,142750.75,134837.8,125372.03,117116.96
2014-01-11,109400.28,102479.64,96543.39,99680.33,98862.24,99391.93,104019.4,110634.14,121360.12,129768.8,135099.13,136504.82,133960.03,126575.68,119100.72,115394.35,116666.66,120215.87,132736.52,149353.03,146487.99,135327.09,120737.41,114239.01
2014-01-12,104569.52,99208.22,98089.73,98247.17,99079.86,100794.32,106518.12,118052.04,128516.71,133955.52,140341.11,143579.76,143056.51,135509.0,129250.62,124105.97,125478.37,130810.61,144928.59,155714.84,150154.53,143579.84,131427.05,120696.62
2014-01-13,112057.22,106384.7,103490.04,102456.59,102449.38,104286.6,111905.5,125317.5,135786.25,138546.39,136996.84,137975.37,133959.45,125073.29,118459.51,118725.25,125433.1,136304.59,148203.28,157160.26,148431.6,134663.51,124290.71,115585.45
2014-01-14,109000.45,101876.35,100166.43,100793.04,102083.98,102766.04,107634.34,121377.11,129084.97,138437.34,150753.08,152611.74,152206.63,145241.63,137060.81,133122.71,136057.73,143304.37,154952.08,167243.77,164213.8,144282.24,130747.34,117982.15
2014-01-15,108086.46,100941.83,95598.34,102776.78,106976.86,104090.7,112648.58,131150.46,141162.53,143875.4,149409.65,152635.18,150079.67,138510.46,130009.58,125587.1,127151.72,133138.84,145490.54,161685.52,161438.66,152559.41,141642.0,130116.91
2014-01-16,122089.78,116113.23,112261.05,111077.1,112500.82,114978.04,122282.28,135921.4,145736.85,149199.2,149801.51,147644.15,141137.86,127225.37,117670.59,113792.63,111930.42,121345.8,135846.04,148430.47,148965.2,140492.61,127668.25,119859.0
2014-01-17,110950.36,103904.7,101175.7,100513.5,101321.28,103276.27,108006.04,120448.93,127772.28,136447.5,145780.05,151765.21,151127.95,141584.35,128412.98,119751.16,119776.78,125449.84,137419.86,151526.65,149121.48,138538.51,126376.68,116663.25
2014-01-18,108517.19,103290.97,97946.15,98146.12,98469.49,101198.51,106453.28,114106.2,125910.47,134618.92,141963.25,145204.19,143541.42,133679.41,122168.32,116601.11,118072.52,124351.27,137858.88,151463.72,149907.08,140429.89,128296.83,116730.62
2014-01-19,108482.42,103519.99,99082.03,99385.35,100538.42,94001.12,101719.51,112402.82,127501.28,128966.46,130909.44,130325.2,128264.4,122492.15,130755.97,130570.16,121123.66,143108.06,158461.31,171295.02,167077.47,158437.94,146039.38,132484.78
2014-01-20,122701.42,116100.98,112914.9,112002.61,108727.42,107290.23,116083.36,131293.94,142905.92,147505.03,151669.4,152614.85,158572.98,151064.75,144531.47,138030.89,142410.49,157666.84,164238.33,175013.25,170739.85,170136.05,157321.89,142391.6
2014-01-21,131157.22,123637.62,119043.43,118320.64,118720.82,121782.25,130347.2,144563.14,155330.36,159022.03,163316.38,163285.53,159742.15,151234.25,142816.43,139506.2,141058.55,148979.62,163059.7,175876.18,173405.26,163789.86,149899.72,135676.97
2014-01-22,124405.15,116717.35,113616.03,112540.94,113956.56,117679.71,125916.77,139801.4,149753.46,153189.38,156716.36,158044.55,155960.68,147702.11,140510.9,139132.79,143284.48,152750.73,166540.09,174396.33,174466.9,163891.03,153425.02,139359.52
2014-01-23,127894.65,121052.98,116329.33,113705.31,114022.38,116597.7,125671.65,141410.95,153540.78,157508.95,166869.61,171098.23,170638.71,164664.38,158748.29,156790.35,159082.73,166874.73,178330.3,187603.57,184839.22,176147.65,161547.08,146822.53
2014-01-24,139690.02,131565.73,127309.02,125555.82,126598.96,128465.36,134819.62,144623.29,153304.62,159966.58,171271.28,175278.58,174009.75,164380.11,153603.8,147080.02,147823.05,152518.09,163168.1,178350.73,178218.22,168796.52,157057.81,144870.78
2014-01-25,133417.78,124792.77,120726.31,120146.03,120889.97,122406.02,128972.8,139435.45,148114.96,156758.88,162445.65,164874.06,163905.97,155025.51,146482.9,143303.07,146753.91,152208.52,163136.92,177838.95,175594.34,163789.92,151139.51,138428.45
2014-01-26,126858.08,119645.45,116028.78,115552.99,116927.22,119249.7,126719.84,140227.7,150718.12,155594.09,158567.76,157153.15,155501.14,148145.04,141933.93,139611.09,141047.69,146287.94,153514.64,172717.13,172326.35,159255.44,150554.39,138699.73
2014-01-27,127893.13,121459.31,117867.54,117594.25,118797.41,121600.24,127757.8,143612.09,149470.84,152569.34,150964.8,139514.5,148621.02,141847.91,137064.72,135369.92,137452.96,145385.34,157629.2,157504.03,167410.96,161629.29,149753.51,139037.27
2014-01-28,127962.45,121002.82,116608.51,117624.74,119285.07,120931.44,127400.82,140539.24,149450.2,153082.97,152498.02,154145.24,152780.13,145417.4,141591.91,138775.06,139716.83,146928.56,159577.07,176230.87,176042.23,165542.17,156603.61,145263.92
2014-01-29,138890.55,130887.8,127501.46,126843.75,128015.78,130753.21,138710.79,152093.6,161021.75,163307.53,164783.21,166333.8,165049.53,158761.57,152447.27,149237.66,150618.77,158697.93,170988.3,181686.99,175151.38,165688.83,154889.92,147749.18
2014-01-30,138141.29,131155.17,133791.19,131674.51,131118.57,132707.86,139427.4,151607.27,161917.35,165592.57,172122.88,174319.99,173082.72,167428.72,160314.89,156078.83,156126.51,161209.38,172538.78,181888.34,184222.94,179159.71,166658.05,154327.82
2014-01-31,142828.02,135046.86,130342.52,129047.39,129348.32,131064.71,135745.95,145320.94,155471.81,168361.19,179805.95,184587.86,181956.16,173508.17,162064.54,152588.15,152296.36,156039.18,164031.1,178277.01,182400.62,174971.35,162725.14,149388.82
2014-02-01,120860.37,114214.32,110673.41,109729.79,110881.82,113926.6,119983.2,132504.01,142359.57,151125.5,156632.03,157573.44,140043.92,150396.93,142192.86,138189.02,139047.91,145639.98,156232.95,167813.91,167260.77,158416.93,147067.2,135926.73
2014-02-02,126303.0,120090.06,117256.83,115170.61,114244.03,117101.46,123809.1,135932.48,144916.44,148752.81,154366.55,155238.86,154404.12,154598.38,148963.04,145764.57,138818.13,144348.18,155554.66,169297.51,169936.53,161132.62,149147.11,136447.45
2014-02-03,126165.27,119981.59,117036.55,116756.31,118288.65,120757.67,127421.32,141990.97,152395.58,155914.38,155249.11,152395.21,150038.91,141864.4,135641.23,133924.82,136369.11,143814.89,155808.39,170877.77,172614.08,163361.14,151178.8,137653.86
2014-02-04,127193.34,121411.1,118330.38,117663.38,118151.27,119828.58,125819.17,138940.58,148204.47,151432.35,153584.13,152777.93,149604.93,141756.35,134577.82,131341.22,133478.59,140519.31,151437.71,165594.74,166562.24,158216.29,146147.65,133327.14
2014-02-05,122538.64,115842.09,112414.73,111717.35,112242.04,113802.53,119891.51,133043.16,142503.5,145570.23,143241.55,132336.17,126633.41,122159.5,126999.6,125122.84,126136.22,132132.49,141364.6,150854.86,153154.35,148501.72,140113.58,130550.39
2014-02-06,118883.38,111867.9,107574.16,105724.97,105462.65,106827.95,110647.41,119245.84,125460.6,128382.74,130466.2,130158.7,127059.82,121162.19,116763.22,115648.74,115909.89,118357.79,125894.51,136686.96,139422.47,133053.61,125568.1,117928.99
2014-02-07,109928.6,103845.19,100564.99,98773.69,99183.27,99859.09,103043.91,110926.94,118998.07,128355.05,137780.32,145251.36,145440.4,134411.59,127878.57,125330.64,125038.88,129211.7,138880.96,151734.6,154126.55,147089.55,138507.72,128290.85
2014-02-08,118030.11,110691.3,107340.84,105347.65,105311.78,106455.83,109941.54,119344.75,128111.18,135401.4,141378.63,144668.71,145017.13,137803.18,131478.38,126566.46,125389.59,130485.91,139727.33,152305.6,154653.79,147522.24,139435.12,129123.19
2014-02-09,118665.35,111469.42,107348.46,105416.24,105852.8,106803.82,112425.63,122364.05,130268.33,134011.72,139177.92,144732.3,145764.76,139545.7,133658.35,128895.93,127034.95,129843.12,137302.46,149607.64,140281.35,137484.17,130120.99,120893.79
2014-02-10,111712.68,105931.6,90511.08,98250.81,101982.11,101041.47,104444.19,113674.34,121740.28,126580.36,113343.25,135821.09,133046.32,127977.88,129655.42,131947.61,133127.6,142896.65,157492.04,172616.4,174554.3,167026.6,156452.98,144686.76
2014-02-11,133929.8,124242.62,115951.31,119289.44,119238.24,119064.14,123043.3,132527.55,140042.29,144127.48,148256.37,151588.49,149569.91,144949.32,142893.21,141899.92,142497.66,146265.07,156065.81,170246.94,169686.7,159877.78,150583.24,146477.38
2014-02-12,138644.51,132271.46,128873.03,129590.59,131158.36,129982.54,133254.13,143326.35,150952.48,146718.56,146008.53,147491.07,151354.38,149840.71,144398.19,143241.8,137506.51,136516.64,151990.04,167948.33,170737.61,163745.59,153282.03,143472.09
2014-02-13,134035.23,126611.35,121863.19,121428.04,121483.97,116500.93,122369.49,132416.94,139371.8,143641.53,145571.92,146144.99,143649.64,136826.95,130335.6,129048.19,131244.99,136242.35,144171.78,152424.6,154276.46,145136.68,134760.18,125273.93
2014-02-14,117549.06,112212.18,108850.49,108168.71,108537.63,107753.7,109266.91,113600.7,120483.14,129080.51,133479.77,134359.62,131692.85,120490.97,109917.1,104600.08,105179.55,110366.41,117151.24,128115.22,132295.19,125275.04,115272.2,106491.78
2014-02-15,100393.37,96558.05,92202.88,91350.37,92202.0,91990.41,93764.87,100523.31,106854.43,110686.97,112271.73,112756.98,111349.33,103799.6,95521.17,90080.24,90525.17,95776.45,103492.57,114632.54,118547.4,112360.76,104375.56,96562.83
2014-02-16,91021.45,85660.4,81684.49,81952.38,83304.01,83619.29,85907.93,94647.92,100337.43,101275.14,103511.58,104598.32,104636.16,98345.69,91434.82,89252.17,90950.07,97200.75,105446.18,118595.03,121505.08,114534.44,105504.36,98272.42
2014-02-17,92238.73,88175.17,85347.22,85939.78,87031.37,86884.5,89793.16,98484.82,106098.05,109541.72,112509.97,108868.83,108659.24,108392.1,99508.58,95873.58,96696.66,103384.4,113701.92,126514.19,128772.53,121186.3,113866.5,106785.41
2014-02-18,100446.86,95853.02,93080.74,93257.5,92670.09,90234.32,92386.23,102341.11,107771.04,110512.61,113716.12,116070.45,116445.37,111338.66,107311.06,106252.22,109212.97,122281.75,138745.48,149674.15,149048.8,136750.9,124727.9,115397.8
2014-02-19,109964.79,105512.91,102193.99,103036.06,102451.63,101876.87,104134.39,111781.16,118459.48,122412.36,126056.38,128972.9,131370.84,127488.36,123731.66,122924.72,124970.93,130933.81,139211.9,148640.84,153103.27,145574.58,133821.84,123730.42
2014-02-20,116607.05,111212.79,108336.9,107851.25,108107.71,106350.22,108135.67,116279.99,123534.66,127525.47,131427.76,133948.99,134014.43,127370.98,122690.86,121333.73,122966.34,128145.27,134253.0,143767.88,148127.42,142263.85,131964.41,122355.21
2014-02-21,114783.73,108559.61,105297.28,104503.95,105039.28,104546.48,106259.93,111756.75,118588.98,126516.48,132694.99,136143.93,136568.13,128654.64,121121.16,117452.13,118617.44,125601.92,134523.57,144847.33,148070.77,140787.54,130402.54,120647.47
2014-02-22,112859.68,107089.49,103026.45,101859.72,102590.9,102372.87,103929.22,110876.39,117757.71,124423.12,133029.22,140481.19,145174.4,144288.1,141194.01,137225.07,136784.31,141118.31,147706.98,158656.98,162004.46,155025.02,143559.14,131914.53
2014-02-23,121943.99,116290.59,112704.92,112428.97,114319.23,114167.74,116752.54,126626.87,135802.18,138031.81,139256.24,138700.74,137781.52,131879.74,126261.54,125030.1,128288.47,133747.59,141694.35,154695.27,160217.36,153593.86,141882.36,130243.88
2014-02-24,122068.39,116705.92,113262.67,113882.6,116206.76,115472.2,118001.94,126981.6,135798.52,136401.11,137016.69,137733.43,135157.68,127534.59,123553.44,122060.84,124023.21,129678.57,138419.95,152192.53,156470.87,149605.17,139347.57,128465.33
2014-02-25,121693.14,117071.6,113228.43,114576.43,115815.53,114654.11,117878.45,127130.01,136102.61,139759.57,143621.41,145780.83,146490.33,141578.24,138890.56,139614.94,142889.87,147203.03,154776.0,165031.01,167461.52,159036.28,147701.68,137043.83
2014-02-26,129153.94,122445.93,119285.49,120661.6,122557.14,120672.78,123411.52,132011.08,139540.83,141478.29,142810.22,142473.75,141940.55,135673.13,129741.89,128617.92,132019.76,137600.23,146665.02,158443.02,163178.61,157441.03,147847.91,138838.2
2014-02-27,130021.46,124035.72,118773.85,116387.94,116316.83,115714.69,118916.71,128273.52,138071.3,143765.75,147169.2,147834.41,147591.94,140795.14,136580.93,135335.98,137840.09,142994.56,149107.27,158743.11,165000.56,160039.91,148418.6,136374.17
2014-02-28,126363.54,119398.29,114373.48,112800.53,113061.94,112718.18,115643.42,123234.47,131942.51,142398.99,148208.08,152619.97,153119.43,142518.41,130539.97,123349.98,123235.23,129542.7,138022.21,150645.95,154993.41,147970.31,136983.68,126537.62
2014-03-01,113002.8,110803.97,108151.61,106638.34,106944.71,108660.65,113807.91,122374.34,133867.17,146016.31,157007.95,165132.99,168238.32,160322.75,150461.89,143768.89,143350.25,151007.8,161886.87,174765.15,176787.21,165934.3,151228.64,136646.77
2014-03-02,124167.89,116233.0,112200.39,110760.56,111473.05,113088.16,120194.63,134226.86,144628.85,150083.58,156778.64,160152.69,158076.6,149618.57,142428.95,134799.54,138298.78,143072.89,150642.08,162342.65,167213.06,152349.95,143094.09,130423.94
2014-03-03,118571.54,110183.49,105557.86,107648.59,107942.59,110404.95,117657.2,130022.03,139761.48,142992.12,144703.86,144347.32,142788.34,133018.9,127257.87,126585.69,130638.36,138214.4,146422.97,158554.8,163555.28,154474.01,141723.52,128737.25
2014-03-04,117935.89,109970.79,106329.18,105609.1,106976.24,110008.82,117593.2,132236.04,143596.24,148750.35,152409.59,154515.62,152344.51,143616.49,137488.44,133810.6,134010.29,140555.39,149850.98,164530.29,171758.15,160442.01,146585.75,132011.78
2014-03-05,121099.28,112680.64,108264.14,107084.63,107663.21,110332.61,116840.31,129753.66,140884.19,144646.02,148907.45,152427.67,150949.3,135937.86,124772.65,127927.44,133031.08,140692.76,150389.41,159908.88,163423.46,156190.37,143434.15,131131.98
2014-03-06,121462.15,114425.04,108782.14,106501.7,106573.88,108832.34,115316.58,127471.78,139466.27,143822.81,146041.5,146489.28,145154.89,135659.42,128187.06,123639.45,125032.15,133130.98,143848.62,156465.48,162834.65,155852.14,143658.61,129899.85
2014-03-07,118687.38,110973.99,105896.74,104470.56,103537.9,97315.52,102111.82,116843.03,121689.87,141424.38,151919.71,157569.0,158835.86,149051.02,136567.08,129925.12,131301.21,134494.74,136722.31,144443.32,151809.52,144986.56,132743.74,122929.42
2014-03-08,115536.58,108386.33,104046.77,102095.74,101951.61,103139.32,107667.65,116894.94,127908.57,135871.88,138920.97,138566.9,135906.23,126415.51,117407.47,110775.55,109059.56,113585.78,121381.26,133449.77,145120.92,141532.1,130274.63,119657.62
2014-03-09,111811.72,106398.95,102317.08,100284.34,99729.26,101807.02,112135.01,121159.11,132724.42,133836.3,135789.31,136364.43,134782.16,126247.85,119879.65,115812.43,116360.64,122484.15,131867.29,145687.31,154368.05,147428.14,135331.07,124549.19
2014-03-10,115730.35,108942.53,104145.64,102375.33,102311.82,104590.04,111469.29,123962.99,135510.96,136867.48,116269.67,139869.36,141121.28,133033.97,126654.57,122417.9,123763.84,129668.64,138630.58,151005.12,157417.15,150114.49,137200.16,126223.78
2014-03-11,117805.55,110812.93,106162.38,103917.29,103451.64,104978.05,111482.92,123627.59,134770.98,135789.22,138665.71,140126.83,139291.85,133467.28,124451.01,121449.96,124947.71,129008.79,136768.97,148490.64,156069.35,148756.15,136651.88,125987.2
2014-03-12,117260.65,110894.45,106326.76,104446.33,104140.53,105556.99,112036.23,124266.88,134791.09,134815.28,135558.13,136568.79,134942.56,127130.44,119838.14,116863.4,118000.6,123699.3,132556.29,145496.8,156124.9,150969.57,140373.15,130161.42
2014-03-13,121901.47,114302.48,108293.11,105502.2,104604.18,105743.23,110723.39,121388.43,131821.08,134850.53,138887.0,144694.67,147182.21,142286.44,136858.95,136640.19,138783.26,145356.66,154235.48,164204.39,167525.02,161689.94,151265.15,140905.1
2014-03-14,131967.24,122605.61,117187.72,115395.74,113922.95,114014.86,117102.81,123922.03,133041.86,144963.32,158237.97,168237.18,172873.8,167330.88,159831.51,157353.4,158913.05,162776.3,165808.5,170169.06,170486.14,164506.92,153943.29,142340.05
2014-03-15,133112.77,123469.36,114647.81,111214.36,111794.24,111622.42,114374.97,121424.55,130962.49,141204.63,150726.93,157984.16,162166.02,157804.58,152230.43,148024.59,147614.69,150107.95,152798.87,160078.88,164865.92,159202.73,147101.92,135741.18
2014-03-16,126772.65,118519.64,112666.81,110207.04,108825.45,108386.55,108307.34,122296.69,138744.85,142842.23,144910.54,146693.18,144312.76,135377.75,127873.14,123555.35,121098.79,125511.94,132279.46,143204.4,152780.9,147192.38,135257.94,123202.46
2014-03-17,115367.01,111222.82,109242.21,106758.08,105836.03,100772.45,103563.44,115438.62,131950.61,130418.81,128430.6,127894.9,124212.23,113919.51,108966.93,103127.36,101491.2,104739.46,112678.61,127047.67,136217.35,129200.47,117735.16,107207.12
2014-03-18,99123.01,95427.1,96140.35,97410.33,98190.36,99090.13,103302.95,111514.42,118670.3,117149.22,115351.57,114001.9,110933.01,103062.19,97150.75,92402.61,92647.84,95370.37,102055.26,112754.14,120797.12,113781.64,103425.62,94382.84
2014-03-19,87733.0,84513.31,84862.11,86312.93,87840.02,88120.74,91525.38,98850.3,105937.19,106274.18,106744.06,107294.48,105595.04,97201.86,91434.28,88742.9,90190.25,95650.59,104751.54,118149.47,125164.74,118108.37,108395.13,98401.72
2014-03-20,91159.4,86437.84,84632.75,86081.64,88745.49,89624.95,92560.35,98394.34,104790.59,106480.47,106148.6,106816.29,106183.9,99415.13,92827.11,89845.74,92564.4,98284.97,105336.94,115197.3,122861.23,115416.24,104445.73,94791.16
2014-03-21,87979.81,82970.83,81242.85,82802.31,85346.39,84840.22,86159.92,89768.59,97256.74,106498.04,115198.52,122213.05,123069.68,114463.09,102179.18,94867.63,94241.84,98276.44,104448.15,113080.33,121149.73,117458.75,106170.88,97356.19
2014-03-22,90395.84,86067.82,83886.99,84198.89,87626.68,88187.81,89450.99,93318.46,100208.51,104172.28,105548.82,106888.28,104884.74,96828.55,88342.71,82563.53,83224.45,89229.25,96124.11,104815.78,111837.36,105945.75,95894.62,87930.23
2014-03-23,82108.67,77449.74,76146.5,76944.81,78822.68,79998.27,84394.26,90271.8,96006.2,99788.02,102906.6,99990.69,100064.6,93838.28,86939.67,83892.03,85182.51,95922.06,101065.89,112612.33,121429.19,114175.72,110936.35,100877.6
2014-03-24,92657.14,87339.98,85978.3,87685.1,90946.96,94224.42,99724.06,106153.15,111946.18,113900.85,114299.24,114390.58,107984.36,101877.79,98723.84,96315.06,97966.09,97467.43,101314.33,110967.6,119509.42,116042.15,113821.89,104219.97
2014-03-25,93780.84,85045.92,88042.99,87669.16,89199.14,91784.87,95664.49,101440.87,108781.1,113722.19,116451.27,118267.31,119169.42,112852.46,106335.4,101960.01,102132.97,105639.33,111347.18,120870.83,128910.47,124321.39,114837.82,105686.28
2014-03-26,98231.77,93195.09,91397.18,93099.26,95116.54,96777.42,100662.23,106963.88,116585.32,124807.76,132607.68,138349.68,140362.52,137610.0,132760.58,128922.35,129839.75,135778.44,144288.45,153986.88,162047.3,157873.89,146090.21,133090.11
2014-03-27,122073.78,115396.4,112769.4,114058.37,115342.99,117714.91,121885.52,126538.63,133364.76,137948.86,140884.65,141910.34,140659.88,134154.5,128726.78,124811.84,123097.69,126216.93,130683.52,137862.2,145703.88,141335.55,130368.97,119680.61
2014-03-28,110687.45,103881.24,100443.79,99852.35,101515.27,102755.8,106088.57,110556.3,118067.85,124295.74,128659.18,131271.75,129294.84,119038.23,106288.75,99289.42,98026.3,101908.75,107147.84,116183.06,124738.77,120366.68,110771.99,101611.09
2014-03-29,94334.76,89142.33,85899.13,84816.6,85612.49,86930.67,89735.52,92983.47,99067.89,104637.65,108885.14,111518.05,111693.56,104836.37,95936.43,90284.38,89653.49,93086.76,99352.21,108297.5,114573.81,111002.43,102869.9,95370.4
2014-03-30,89297.22,84370.96,81305.07,81153.38,82288.19,84593.64,89443.48,95450.12,103680.17,111226.95,117061.84,120656.53,122262.76,116353.85,108784.51,105837.13,106409.72,110651.28,116586.89,125089.52,132556.59,127876.76,117867.2,109109.82
2014-03-31,94566.04,89642.43,86923.63,88067.33,89530.04,91165.98,94027.41,99102.27,106127.97,108540.93,108547.03,107138.79,104194.71,96851.01,90236.92,85849.9,85767.76,89182.53,95154.04,104026.91,112443.74,109401.48,99428.55,90176.39
2014-04-01,74982.85,75121.1,72974.04,72022.97,73070.82,75264.46,80726.76,87808.25,95584.43,96914.47,97756.62,98573.71,96430.76,87125.45,77292.48,71936.15,70639.67,74532.03,79488.91,89948.82,98293.07,92845.17,81760.58,73230.93
2014-04-02,61781.03,55748.47,53417.27,52884.0,54737.2,55981.01,61338.23,69095.27,77438.48,80328.96,82654.62,84565.62,83814.06,73841.67,64862.59,60784.11,62643.97,67190.38,74930.2,83656.12,89343.58,81573.34,71355.94,63989.27
2014-04-03,57258.34,53056.93,51972.16,51059.57,51843.72,54330.86,59074.03,66616.04,76641.37,83624.66,89381.95,88887.68,94137.17,86013.27,77027.37,72074.27,72072.08,76448.28,84157.52,94303.74,102728.19,96882.64,86116.45,76964.74
2014-04-04,68997.21,62970.24,59838.61,58280.38,58902.82,60670.55,64004.3,70463.81,79424.27,87767.26,98564.24,113708.46,116951.7,106915.5,92808.8,84413.87,82253.15,86475.99,93114.09,102298.23,111601.47,107936.27,95908.09,84775.07
2014-04-05,75383.37,68956.86,66132.92,65166.67,65897.45,68120.12,71974.55,79440.86,86803.34,92593.24,101004.11,107472.04,109583.26,101716.27,91660.51,84593.5,82573.07,86860.73,93443.08,103800.62,115022.48,111960.47,98459.2,86891.68
2014-04-06,76588.11,69624.22,67052.66,65988.07,67189.68,70502.61,75716.36,84648.24,94178.65,94980.55,98623.13,100361.74,98677.33,85255.42,73271.7,67148.02,66641.58,70721.49,79668.04,91088.37,103287.69,95863.56,82402.93,72543.37
2014-04-07,63894.06,58793.81,56787.28,56652.87,57277.46,60246.26,65668.97,74331.62,84268.74,84777.14,86877.8,88658.98,87764.23,75289.73,65364.28,59113.05,57903.7,62459.68,71417.81,82980.17,92164.19,85459.32,72023.75,62480.88
2014-04-08,54515.92,49990.44,47844.8,48423.62,50016.09,52980.06,57419.95,67144.77,77134.54,76577.49,78070.77,80412.68,78160.53,65877.71,53652.1,46003.35,47476.57,53822.36,60559.9,70248.85,78818.5,74796.1,63007.91,54064.7
2014-04-09,46548.25,41403.71,39583.95,37220.26,40390.52,43337.32,47034.1,54807.91,64975.41,66676.96,66159.45,68463.56,72058.66,62157.34,55647.36,48075.45,49786.62,53410.34,57942.96,65958.29,75877.46,70951.4,60455.01,54706.3
2014-04-10,49549.81,43953.33,40268.87,39209.43,39691.22,40787.5,43500.66,47843.08,60372.33,65205.82,59546.51,73555.78,71332.93,62982.14,51602.72,47867.05,47272.4,50679.67,56418.32,65250.2,70039.64,64040.44,53334.68,46354.02
2014-04-11,41937.07,39221.84,38946.11,37451.24,35843.59,37121.38,38598.31,42717.98,49390.74,59594.06,69028.94,76171.7,76674.23,66585.22,51936.46,42750.3,41331.13,48408.02,53877.22,60887.79,69534.04,63490.47,50701.1,42908.48
2014-04-12,34636.05,34668.58,33950.71,34730.97,35954.12,37476.47,38556.9,44509.28,50316.47,56393.4,58561.04,64403.62,68585.97,58224.01,49114.54,44251.01,41850.17,49619.57,56442.67,65270.64,71556.72,62743.51,55968.76,46704.27
2014-04-13,39453.07,34711.7,33412.33,34424.9,36109.37,39149.82,43810.32,50889.51,58051.8,61403.33,63159.48,70044.59,71368.7,60604.59,50725.84,45404.73,45819.18,50018.08,57302.48,66420.22,73511.04,65677.3,54834.64,50294.07
2014-04-14,44272.22,38800.89,36494.14,35814.04,37309.21,40334.7,44377.79,54110.15,64124.31,64767.23,66224.1,69691.89,69043.88,54844.21,47634.61,44469.13,44044.54,47935.1,55550.47,64257.9,70006.41,65031.68,53039.25,47129.77
2014-04-15,43029.93,41728.34,39364.16,36935.05,37029.65,38592.38,41844.83,50938.61,59537.69,62362.12,66551.32,69220.86,67840.48,58061.04,47805.28,44221.77,44842.9,47839.03,53549.67,58444.06,66972.32,61525.41,51385.92,43151.48
2014-04-16,39368.62,39480.75,38302.65,34384.14,39447.84,40152.06,41843.13,50283.93,58573.07,62375.97,65385.43,70588.86,71432.49,61024.39,50788.4,44191.63,41698.33,46839.76,52197.17,59744.98,66738.55,60961.71,47989.78,44297.3
2014-04-17,41122.7,38524.41,33448.61,33939.7,36747.84,36838.07,42036.71,45218.78,52225.41,57439.64,63248.2,68165.69,66881.12,61733.32,52934.57,46119.13,42642.7,44866.95,43520.17,54903.33,63211.97,58976.37,47814.21,41854.74
2014-04-18,37080.92,30780.23,32372.69,32396.72,34139.64,36026.19,34061.59,46276.4,55332.5,59880.06,66469.79,73213.34,76027.14,63767.14,49962.81,43017.55,42775.18,44725.57,47713.65,53191.6,58075.6,56276.49,46146.25,36131.43
2014-04-19,34458.48,31226.45,28585.35,26964.73,30782.36,33717.36,37686.5,43962.87,47766.94,59987.49,66390.3,68623.23,66911.06,55382.81,44467.22,41844.75,41073.74,44328.47,50549.81,54297.17,65466.94,59701.26,46917.19,39550.59
2014-04-20,32760.71,31256.39,28896.56,28112.44,28679.18,30576.1,34049.46,42729.31,52723.63,58336.66,64393.15,70316.34,66076.23,59654.79,50982.76,44429.26,42946.93,46679.44,50492.13,57764.06,66851.2,57659.51,49804.41,44035.49
2014-04-21,40006.41,34564.33,30633.35,28029.94,27984.3,31610.52,35001.22,43667.72,52842.42,55262.56,59308.95,62824.86,63977.74,54669.74,46748.05,43212.63,43760.55,43954.88,52035.18,61799.42,67054.28,59931.51,48883.73,42539.0
2014-04-22,38740.32,36476.96,35152.64,33796.61,32685.88,33135.76,34735.85,44657.58,53875.08,56974.01,61227.87,65822.64,67867.48,58949.22,51858.32,47761.16,47936.47,52279.44,56732.01,62927.21,73160.09,65795.48,53240.71,46050.65
2014-04-23,40998.95,37449.78,36898.9,37377.77,38863.71,39518.49,40598.34,47962.34,54979.54,59182.53,61115.67,61930.49,60854.8,52588.33,45564.5,43465.69,44841.33,49783.14,55768.41,63801.54,69285.88,57491.27,52921.28,45900.12
2014-04-24,40242.23,37107.82,35503.64,34642.07,35657.75,38594.31,42498.13,48456.03,54185.73,56977.89,59181.25,66047.13,64071.16,52906.84,44283.06,40496.03,41247.23,45622.21,52412.97,60299.6,65132.75,60562.96,47229.16,40812.61
2014-04-25,40035.88,35089.67,32324.03,31097.09,31570.29,33421.56,36354.29,43536.46,53061.58,60487.16,69006.27,77652.66,76589.46,66879.52,52840.49,47405.67,46659.61,50049.87,55264.46,61805.44,68676.83,66779.14,56647.76,49776.53
2014-04-26,40791.36,37212.51,39092.87,36497.19,36070.96,35350.66,37227.11,47893.1,56635.64,58827.07,62098.56,70919.76,71533.9,60893.66,50246.91,43232.38,42991.45,46793.57,51507.68,58254.21,64509.49,61018.75,50317.98,43260.88
2014-04-27,39089.63,32928.67,35353.56,39592.67,42192.14,44981.54,44061.62,48169.08,57933.4,57932.74,61293.01,68689.1,70446.11,61135.93,52599.77,44562.5,47223.9,52697.02,55703.75,59966.82,65026.28,61653.87,49961.9,42596.16
2014-04-28,37984.17,34665.27,33599.76,33906.18,35977.48,39127.26,42178.31,51465.56,59136.14,58204.83,60319.82,67876.45,66821.11,55807.18,46994.92,42944.61,44627.58,49180.87,56460.4,63155.52,66039.9,59985.87,45218.88,39526.51
2014-04-29,34181.21,30326.28,29053.89,29571.29,32274.31,35599.93,39883.65,49075.88,55837.66,57434.55,60999.56,64154.41,60882.89,54524.11,45114.27,40058.76,40282.15,44242.09,50364.92,57908.96,63477.49,56624.88,42951.84,36100.96
2014-04-30,30179.76,28564.13,27520.24,26911.88,28012.02,30410.7,34222.76,41738.5,48696.85,53226.03,56837.63,62001.09,59015.11,47960.65,41902.12,38582.62,39870.48,42361.96,46935.46,53996.56,59465.32,56390.6,45509.81,38762.26
2014-05-01,27681.5,26509.6,24640.58,24271.1,25604.27,28446.88,30371.89,36014.21,43435.2,49670.53,55320.1,61405.97,62633.74,52916.89,43173.78,38546.01,38612.76,42061.46,46105.74,51648.04,56516.5,53997.64,41638.82,34561.45
2014-05-02,29572.88,25495.23,23781.61,23261.79,24196.03,26558.56,28052.58,33660.25,42406.78,50657.76,60138.61,69654.1,71452.12,58223.94,43594.6,36866.08,36488.52,40177.23,45581.2,51316.44,56097.5,53074.97,41832.67,34751.17
2014-05-03,30273.69,26192.3,24617.27,24590.89,26131.25,28792.89,30900.28,37443.86,45476.62,52357.24,58163.94,64112.49,65468.71,54911.73,43911.2,39809.23,39994.84,43333.69,48301.59,55617.01,61008.96,59003.47,46356.55,38376.18
2014-05-04,31961.52,27857.35,25822.0,25908.84,27920.68,31039.8,34864.24,43935.22,50763.33,53530.95,57297.09,62439.91,62741.58,52233.75,46061.19,43085.69,43509.96,47558.23,53386.63,60721.9,64555.52,60420.86,48430.96,41323.11
2014-05-05,34792.27,27149.51,26515.58,26531.93,28685.82,31475.63,35159.87,43850.87,51797.38,53858.98,57593.31,62488.36,62358.38,51223.45,43567.99,39840.98,41333.08,45974.75,52258.02,59404.6,62892.49,57404.25,45222.97,38118.04
2014-05-06,32132.66,28863.36,27395.98,27303.25,28905.81,31995.92,35832.56,44250.77,51414.92,52528.48,56605.13,60343.62,59296.87,49127.67,41258.53,38486.32,39681.75,44132.75,50014.31,56298.22,61233.77,55502.97,42456.0,35068.71
2014-05-07,30017.31,26951.77,25248.82,25235.47,26516.79,28835.31,32629.62,39870.72,47999.97,51338.84,56403.98,61659.81,60311.7,49636.31,42007.35,38469.54,38693.97,42474.3,47896.28,54479.51,58845.4,53866.86,41593.39,35178.55
2014-05-08,30408.31,26839.47,25443.91,24652.98,25939.69,28438.49,31341.57,37970.26,45163.52,49081.27,54013.26,59212.5,59092.01,49124.84,41360.86,37850.96,38246.96,41914.69,47282.59,53011.74,56871.93,51134.13,39360.66,33767.32
2014-05-09,29141.18,25834.4,23775.47,23280.15,24244.23,26144.58,27747.02,32724.81,39938.36,48101.75,58312.69,67346.73,68853.91,55833.34,41119.38,35281.02,35541.85,38303.04,41850.71,46151.91,49850.12,48511.7,38514.42,32570.54
2014-05-10,27788.28,24462.9,23169.52,22914.73,23975.73,26388.16,28390.93,34020.47,40978.37,47277.66,43002.9,59261.98,60466.79,51373.93,40832.48,36051.47,35748.4,38775.43,43560.31,48879.44,53483.72,51692.35,39542.06,32345.78
2014-05-11,27441.21,23722.88,22677.76,22740.75,23014.25,24718.12,27358.2,34582.53,42371.12,46126.94,51221.61,55500.64,56214.95,46426.1,38927.74,35476.15,35796.07,39303.31,44714.99,50678.32,54229.09,49703.58,38176.86,31812.19
2014-05-12,27141.13,24573.31,22924.01,22224.73,22996.68,24796.47,27764.4,35213.72,41965.29,44529.7,49847.0,54723.03,55362.81,45196.91,37376.49,34706.03,35845.57,40001.15,44763.8,49994.93,52781.77,48264.65,36522.57,30566.73
2014-05-13,26548.61,23990.38,22737.02,22516.33,24446.14,26939.82,29239.13,35493.24,41793.97,45575.42,50486.63,54975.69,56372.09,46882.64,39266.55,36417.52,37442.3,41368.45,47031.06,52413.98,54019.1,48252.5,37349.22,31194.01
2014-05-14,27358.89,24655.49,23765.43,23348.51,24993.4,27798.8,31268.25,38415.31,44974.22,48585.37,53615.86,60206.95,60573.8,50369.96,42555.77,38772.56,39525.82,43664.22,48864.21,54576.36,57756.3,54429.62,41949.37,34846.76
2014-05-15,30421.66,27137.24,25213.84,24661.98,26389.04,28852.73,32184.66,39719.37,46348.67,52632.67,57996.83,58229.53,57585.55,47568.48,40584.89,37344.0,38170.05,41070.91,45118.12,50807.83,55003.1,52600.34,42987.3,36844.75
2014-05-16,32820.62,28236.46,24993.05,24322.21,25179.19,26687.42,27266.62,30811.49,38696.73,46906.8,55784.02,64705.46,68223.87,57072.76,43851.05,38637.34,38068.9,39733.88,42392.37,45762.17,49797.76,51437.75,42287.16,36580.42
2014-05-17,32817.56,29034.05,25861.48,25403.94,25885.31,27377.51,29268.5,34611.14,41452.47,47300.51,52916.08,58284.72,61543.91,54663.54,47364.02,45286.13,47065.92,48418.54,51070.74,56625.96,59214.55,55010.81,45459.71,39386.45
2014-05-18,35428.62,31660.65,28020.9,28092.97,29097.83,31090.31,33345.5,41296.89,47569.26,51320.55,56350.15,61160.73,62582.46,54462.55,49592.78,48983.74,50292.77,51653.08,54741.51,59646.78,62311.36,58785.34,50291.05,45032.41
2014-05-19,41116.29,36377.9,33248.82,31911.3,32758.09,35364.97,38135.34,45317.6,51796.19,53704.36,55211.15,59483.42,59312.14,52318.28,46837.47,45011.37,44761.46,44814.54,50301.59,56797.96,59313.09,56901.01,46996.03,40877.34
2014-05-20,36791.01,29256.69,29203.03,27191.47,26692.1,27192.76,28867.83,35638.29,41944.56,40004.65,39847.33,42778.6,44070.08,37559.22,32119.05,31262.56,31317.83,36001.89,47933.69,52563.29,55958.36,51036.74,41317.45,37100.61
2014-05-21,34480.41,33342.65,32487.19,31432.04,30910.99,30434.64,30909.72,36303.4,40858.03,42352.28,44434.06,47536.87,49003.83,43372.51,38006.31,37542.89,39406.64,42230.36,46617.86,52236.14,54177.11,50945.01,41344.99,36499.9
2014-05-22,34116.92,32923.92,31673.54,29989.21,29832.98,29585.71,29693.58,34490.38,39035.76,40795.83,43128.6,47278.75,48576.97,42595.54,36309.43,35650.96,37713.56,40859.98,45323.49,49045.98,53473.57,49089.39,39125.31,34170.98
2014-05-23,32066.86,30759.35,30246.86,28955.41,28137.8,27105.29,26565.46,28459.43,33379.14,40584.78,47837.81,55509.48,57505.85,48854.4,37851.66,34375.83,35686.35,38574.56,41557.49,44241.68,47678.0,47767.6,39046.72,33871.18
2014-05-24,31911.37,30616.85,30699.76,29390.91,28540.44,28453.24,28608.94,31509.89,36301.52,40284.61,43445.01,47222.12,48693.44,42857.47,37379.97,37116.65,39238.71,43450.06,48447.29,51928.98,53336.28,47680.81,38713.74,34205.71
2014-05-25,31932.37,30420.7,30553.14,30646.97,29863.39,30331.37,31602.58,36210.01,41222.14,42167.05,44831.97,48226.76,49376.87,42458.47,37991.26,38613.1,40020.78,43202.73,46791.37,50014.72,51750.68,48651.08,34665.68,25349.49
2014-05-26,27520.61,30920.12,30366.44,29206.84,29317.19,30484.97,32711.14,37701.59,42092.45,44102.41,45889.37,48617.86,50331.01,43855.76,40072.86,38408.45,39233.02,43439.05,48403.82,52049.4,54541.92,51320.08,42783.99,37929.22
2014-05-27,34710.68,33018.6,29700.73,22191.87,23594.9,21709.97,23208.11,27404.53,33126.84,36188.75,39468.7,52221.24,50071.05,39177.19,33121.97,31257.99,33498.61,35348.37,39070.36,46555.56,43981.88,41541.26,30875.7,30433.76
2014-05-28,36533.6,33924.5,31817.43,29426.78,27943.8,27812.39,29071.75,34416.31,40358.06,43939.63,47524.71,52102.53,54364.62,48582.34,43716.62,43195.21,43544.69,45195.69,48487.93,50776.79,52965.48,50716.22,42664.8,38955.08
2014-05-29,36395.11,34006.67,31765.86,29305.54,27269.26,26710.85,28450.3,32721.82,39176.2,42972.16,46148.56,51167.14,53747.7,48956.5,44278.55,42824.16,43474.36,45015.96,47735.99,49798.88,51727.54,49953.9,42520.36,37885.28
2014-05-30,35732.84,33499.23,30988.03,28822.65,27518.87,26396.76,26548.12,29676.31,35827.67,42083.1,48730.47,55996.54,58769.25,50533.29,40730.99,37828.55,38735.15,40726.57,41115.54,41161.16,42559.9,34985.48,28952.55,24551.86
2014-05-31,22209.88,20830.62,19926.38,18856.63,17721.62,18968.35,21931.81,24416.92,30614.8,31522.81,40086.85,49368.34,51462.12,45431.55,39007.51,38495.6,37097.66,39235.84,41725.94,42688.12,44824.69,44198.27,36584.77,32296.05
2014-06-01,23040.71,21797.69,21046.89,20894.96,23004.24,25214.45,29054.77,38140.73,43708.77,45688.21,52189.97,59343.62,62062.97,52188.17,43214.5,38644.96,39079.89,44796.34,51800.82,58742.12,61718.63,56456.31,46367.17,38093.09
2014-06-02,30640.06,26717.07,26277.03,25682.63,27391.76,29821.73,33630.64,42401.48,49174.68,53223.83,61360.67,69412.03,72435.16,63508.6,54540.87,50796.38,51427.08,57339.12,63331.44,68297.38,71461.1,66676.34,55186.85,45138.94
2014-06-03,35540.9,31561.59,30298.73,29302.77,30779.9,33097.34,38175.87,47533.38,53674.87,50847.13,54214.05,57488.79,57949.03,48902.45,41073.52,37133.23,36605.3,39930.46,45368.82,50210.99,55094.4,53113.05,42756.01,32958.58
2014-06-04,26100.98,23459.3,23421.99,22515.79,23619.87,27326.42,35366.52,42135.61,45946.69,48010.72,51159.92,55400.81,57557.58,49972.86,38423.29,37454.14,34523.69,37106.76,41770.45,46327.46,49980.47,47477.18,37488.45,29696.98
2014-06-05,23539.9,20513.8,20281.53,20476.58,21948.01,24119.2,26296.22,32893.82,38512.92,41689.84,45469.86,49497.87,50686.47,48185.28,38921.49,34501.0,33554.57,35372.26,39377.03,44716.82,48771.47,47057.66,38002.14,33367.17
2014-06-06,27867.48,20747.2,19632.08,20148.95,20596.53,21161.65,23197.81,27056.56,31749.87,37086.23,46059.07,56027.04,59019.17,47014.12,33107.82,27888.68,27496.56,29846.21,32134.83,35885.56,39620.92,40940.7,34009.75,32131.07
2014-06-07,26891.39,23288.64,22759.36,21916.45,22803.49,23629.76,25754.57,30892.56,34124.4,36316.98,40660.17,45965.78,47814.92,40515.76,32638.51,29085.85,28650.28,31526.49,34575.1,38671.72,44129.82,44792.61,35899.98,28926.46
2014-06-08,22686.0,19156.43,19323.26,19643.43,20361.05,20714.63,24030.38,30442.41,36548.11,36977.51,41105.38,45862.98,46840.15,38713.42,30739.61,27315.9,28111.19,31772.09,35793.12,44454.22,47714.37,47278.24,38791.51,31171.85
2014-06-09,24093.02,20770.7,20611.53,21001.52,22513.56,23969.29,27401.98,32820.91,35808.14,37915.14,40915.24,45411.46,47988.23,39600.74,32820.22,29737.0,28777.95,31403.41,35960.18,41026.13,45260.25,44383.49,36117.72,29437.37
2014-06-10,24762.24,22060.69,20686.96,20344.86,20731.24,20964.2,23750.71,30853.36,36720.04,37839.46,31984.51,46197.75,48057.03,39981.83,32920.53,29833.79,29913.12,33234.55,37156.22,41883.54,46235.33,45099.65,35970.24,29227.33
2014-06-11,23745.74,21620.11,20327.92,20511.5,22206.73,22172.86,24092.73,30454.59,35934.9,37250.64,40630.28,46158.46,48082.37,40765.41,37511.73,30522.6,30618.1,33825.52,38083.75,44084.72,46865.26,45800.52,36361.57,29115.27
2014-06-12,24027.56,21347.97,20717.99,21052.57,22410.27,21949.04,23546.3,29141.38,34784.37,40629.81,44122.76,43694.04,44986.29,38694.41,33782.22,32253.95,31886.41,33129.62,34954.8,38701.31,43963.41,45387.76,38147.89,32040.17
2014-06-13,27411.17,21557.7,20206.31,19535.45,25067.6,25087.51,24839.16,27597.31,31760.28,34012.44,40706.11,49818.91,52620.73,43743.86,31721.32,27209.07,28055.45,31165.81,32926.32,32080.73,37378.35,40001.72,33675.21,27242.17
2014-06-14,21815.64,19582.27,19704.93,19508.54,20565.96,20184.55,21609.99,26579.42,31312.49,33843.67,37424.58,42225.11,44862.19,38775.92,31061.6,27032.96,27089.51,29171.49,30803.2,34381.83,39808.32,41728.41,34915.21,27666.65
2014-06-15,26730.28,24440.25,22779.85,21746.25,22114.99,21996.18,24442.36,31389.21,37412.75,37937.89,40357.88,43424.95,44597.41,38145.81,33446.7,30182.64,29056.03,31830.36,35914.64,40864.82,46859.0,44889.53,37717.44,31403.09
2014-06-16,24752.87,24574.66,24903.64,19814.63,20120.25,19701.45,25457.35,30354.19,33968.1,34463.42,40676.3,45932.84,48729.21,38074.17,31867.03,29948.97,34183.92,36112.35,37948.24,40411.24,43820.71,42874.53,31834.3,27817.56
2014-06-17,25371.48,23038.95,22718.75,23463.02,24067.05,24782.67,23489.49,28293.3,34287.35,39398.93,42589.46,45749.35,48419.77,42229.64,34695.3,32383.45,31661.94,33292.41,38036.84,40401.0,43236.89,42559.1,33692.91,30167.91
2014-06-18,28198.87,22794.02,21820.84,20732.67,21548.82,22547.82,23935.86,28620.73,34100.97,37861.55,41850.2,45918.89,47951.25,41711.74,35467.62,31898.12,30470.52,32263.82,35590.45,39061.44,42867.77,46724.13,36061.2,29650.99
2014-06-19,25732.97,23014.56,21733.77,20949.09,21048.77,22042.71,24272.39,30591.84,37255.59,40246.88,44918.62,48127.13,47248.46,42824.16,36178.37,33118.6,32521.09,34204.71,37286.08,42373.03,46730.3,44210.55,35306.73,29193.16
2014-06-20,21037.61,20342.03,20193.62,20124.13,20302.02,20819.97,21822.03,25248.05,35198.75,41723.15,46274.39,52852.48,53742.62,44191.96,32217.1,28931.32,28385.13,27237.05,29185.2,31963.76,35305.95,37195.78,31123.99,26479.17
2014-06-21,23401.25,20664.24,19502.05,18912.71,19171.22,19575.41,20789.15,24654.19,30380.68,35254.79,39074.77,43064.17,45187.49,39577.67,32181.2,28135.92,26992.55,28516.57,30951.21,34468.18,39112.06,38436.27,30336.62,25373.44
2014-06-22,22143.46,19971.4,18771.92,18575.62,19211.93,20235.22,21994.14,27106.5,33406.94,37783.68,40355.86,44013.46,45428.08,39590.55,31103.6,27477.37,27275.36,33322.73,35338.02,38139.69,40913.53,34639.52,26637.63,24200.56
2014-06-23,21982.67,20773.29,20846.65,22089.14,23581.07,21656.02,23883.08,27590.24,33378.59,37276.86,39285.89,43696.11,45556.39,39790.1,32366.97,28547.31,28026.11,29725.16,33631.68,38766.51,42828.2,41682.06,32343.36,27533.33
2014-06-24,24432.52,21907.47,20728.23,20385.18,20841.14,21742.95,23049.58,28621.99,37630.2,40329.97,40786.72,43907.74,49419.8,40699.19,33467.98,28233.88,31014.68,34233.41,37959.13,38934.02,43388.78,42303.72,32520.12,27017.96
2014-06-25,23882.76,21283.54,20696.99,20003.09,20174.79,21430.12,23551.11,27394.74,34723.35,38742.01,41394.99,44242.69,46807.28,40448.13,32902.82,28991.94,28133.49,30029.78,33486.36,37193.35,41928.54,41711.75,33155.13,28322.71
2014-06-26,25656.28,23592.52,22137.52,21051.52,23838.79,26680.49,26532.73,30219.29,35907.38,39092.34,40625.55,44343.49,45292.84,40410.81,33894.77,32285.63,31922.1,31571.24,34152.58,37618.72,41919.77,40786.42,30427.52,26305.49
2014-06-27,25102.33,23436.48,22156.7,20979.22,20806.94,21487.12,21644.61,23822.58,29076.91,34818.29,39976.28,48104.57,53999.93,50516.34,37558.77,30458.35,29127.26,31094.6,32645.94,35656.83,40124.16,38749.46,32800.7,26764.9
2014-06-28,24027.5,22258.72,21138.71,20732.2,23078.85,25183.58,26480.8,27590.73,29300.82,33587.19,36600.86,41510.11,45138.9,40091.65,32269.4,28749.83,27817.58,28850.81,31296.67,35575.34,40575.11,43587.68,35676.07,28000.69
2014-06-29,25932.56,24159.14,22935.01,23142.53,24714.85,25014.04,25866.34,25675.29,24987.78,32123.48,34063.49,36389.86,37113.17,37482.56,36323.75,36686.82,43656.99,57519.2,65528.0,61426.57,52192.9,24923.93,22940.34,24582.21
2014-06-30,24495.18,23452.06,22145.13,24094.81,25143.92,26313.09,28092.53,28004.24,26120.38,26566.46,25912.51,28440.44,32824.55,33650.35,34569.03,33414.9,33794.28,43181.44,54144.05,54408.87,51044.34,27020.0,24013.32,23128.1
2014-07-01,20709.83,21054.16,20832.37,21536.31,22256.71,21701.51,21691.74,21499.78,22066.52,24971.17,29493.8,32772.44,35666.04,36134.65,36183.83,36298.86,43213.5,55304.06,64682.47,63332.01,54364.85,27595.52,24268.39,23903.78
2014-07-02,22514.51,21264.78,21538.82,22233.4,22430.63,21740.9,21583.63,21702.14,21443.33,25668.03,30655.64,34077.33,36186.1,36734.49,36772.53,37407.21,42998.61,54844.68,64255.43,64248.27,56814.01,26604.4,23548.54,23475.17
2014-07-03,22512.69,21465.03,21520.15,21778.55,21613.6,20640.87,21307.77,21335.63,21814.34,24298.47,27569.33,31210.06,33471.44,34606.85,34452.04,35722.08,42539.6,55385.91,65534.5,65678.93,56798.7,27144.73,24681.62,23558.92
2014-07-04,21897.33,20666.61,20624.74,19873.97,20496.03,17818.23,18061.46,17963.97,18305.32,21608.17,26372.44,31719.99,36912.57,38960.43,32985.66,32426.18,38608.96,50651.89,61723.95,63939.77,57434.23,27425.37,23663.53,22422.47
2014-07-05,20612.07,18992.02,19095.56,18970.24,19791.84,16772.65,17816.75,17403.65,17909.68,21018.94,25023.08,29025.52,31626.1,32723.53,32708.88,34226.69,41081.43,53147.95,63384.85,64085.64,56694.78,26893.3,23729.83,22830.05
2014-07-06,21016.29,19415.24,19421.31,18753.07,20076.29,18050.45,19040.0,19618.62,20229.16,23708.76,28162.29,31147.81,32701.2,32859.39,33324.67,35606.91,42215.62,53248.55,64538.28,65630.61,57332.07,28011.39,25367.22,24667.24
2014-07-07,22995.73,21886.87,21526.1,20915.08,21735.64,19902.46,20515.39,21439.47,21895.84,24922.6,28881.76,32143.47,33602.09,34874.62,34450.09,35975.64,42427.47,54658.14,66245.09,67132.86,59334.56,29196.03,26072.04,25412.54
2014-07-08,23739.32,21771.96,21336.78,21081.41,21566.46,19952.06,21102.84,21570.22,22810.17,26875.67,31129.81,33965.41,36264.92,36035.08,35354.33,35973.82,41049.15,51614.06,63108.59,66323.52,59907.27,30000.41,26835.26,25928.61
2014-07-09,24842.96,23016.37,21842.98,22183.93,23275.39,21451.77,22520.21,23432.48,24071.03,27509.3,31506.83,31666.19,33490.39,35427.1,36431.45,36338.7,41171.79,52686.72,63232.17,66271.75,60528.32,31504.84,27916.8,26332.1
2014-07-10,24375.59,22733.16,21568.57,21104.16,22100.85,19582.68,21036.93,21962.12,22587.02,25921.51,21578.87,33107.38,35611.96,36077.34,35534.04,35148.55,40206.57,51187.68,62394.95,65842.93,60092.28,31023.66,27259.07,25393.98
2014-07-11,23463.68,21400.13,20258.38,20423.18,21159.61,18413.85,19378.73,19118.47,19020.39,22792.17,27477.79,33220.15,37924.13,39706.88,35139.65,33558.02,39741.9,51125.97,61945.78,64387.29,58951.81,30514.53,27233.59,24742.35
2014-07-12,22685.95,20788.74,19601.61,19835.93,20876.96,19067.37,19943.47,19745.04,20121.58,22934.99,26278.52,29612.24,31555.99,33470.14,33313.98,34480.04,38942.54,49413.83,60680.84,63441.41,58977.0,30582.23,27534.0,25582.5
2014-07-13,23690.41,21604.03,20589.04,20390.76,21369.01,19658.26,20778.26,20814.07,21927.13,25454.81,28791.5,31731.44,33841.04,34821.56,34424.19,34463.2,38903.97,49995.29,61421.61,64682.97,59432.13,30281.61,27394.95,25576.38
2014-07-14,24228.12,22301.87,20986.47,20934.32,21779.33,20131.34,21375.54,21637.3,22293.64,26165.15,28062.43,29210.59,31019.8,32795.83,32598.42,31509.01,37240.64,48831.81,59185.7,63183.59,60192.17,27943.27,24603.21,25912.46
2014-07-15,24185.91,22533.64,22145.81,21872.63,23400.7,21790.1,22803.21,22446.68,22041.26,24917.35,27716.43,30985.17,32432.91,32128.95,32358.04,32643.56,38315.21,49193.06,59840.27,63460.0,57463.93,28006.9,24763.4,23591.5
2014-07-16,22555.95,21248.68,20082.65,20970.58,21720.62,21244.29,22953.99,23362.06,21312.81,24598.36,29890.2,31621.92,32996.34,34120.42,34016.97,34740.53,39309.16,49778.18,61164.13,64297.1,58176.31,27388.91,24141.69,24035.44
2014-07-17,22905.09,21405.36,20770.9,20803.45,22473.35,20549.22,20869.43,20759.99,20918.99,23884.5,28029.61,29218.06,30992.26,33030.15,33620.18,34721.68,39395.15,48784.7,59075.15,62721.37,57667.35,28338.65,26084.22,25953.31
2014-07-18,24274.24,21192.51,19807.91,19489.19,20714.1,18131.15,18672.35,18170.29,17625.29,20673.49,24869.3,29093.06,31715.86,24737.64,28922.67,27513.4,32642.76,40394.66,49764.47,54188.87,49156.53,25180.13,20746.16,20288.25
2014-07-19,19644.01,19338.29,20873.48,22029.87,23054.27,22652.85,23606.42,23294.06,22303.02,24325.55,27822.47,23630.8,29049.34,34389.86,34358.27,30189.63,33089.6,40679.3,50765.26,52814.71,46453.38,22902.97,22293.86,19573.23
2014-07-20,18428.42,18032.49,19497.49,20660.27,22635.12,23679.78,25458.78,24895.92,23996.69,26019.21,29041.41,31853.85,35571.39,37607.5,37198.77,32612.12,34675.87,42038.01,51803.03,54893.34,48975.75,24010.09,22765.58,21094.82
2014-07-21,20690.69,19753.72,19288.11,20219.3,21111.57,21710.45,23283.18,23389.43,22829.62,25120.72,29848.01,32535.91,35800.67,38190.36,38694.45,32959.84,35737.73,43880.14,54107.58,57394.3,52113.68,26881.93,25617.05,22963.83
2014-07-22,21068.15,19977.84,20202.83,20926.69,21168.17,14660.48,15644.15,22718.4,22829.43,25660.79,27713.79,30107.84,31686.83,33789.58,34829.94,35944.38,40449.39,44967.77,54504.77,58880.62,53463.49,26065.54,23358.57,23093.7
2014-07-23,22694.06,20205.35,19852.78,20037.74,20959.68,21629.71,22803.53,22225.28,20773.16,23433.42,26203.99,29251.73,31642.98,32627.37,34337.28,35112.74,38763.48,42604.81,51363.03,55480.34,50084.2,24466.17,22939.77,23331.33
2014-07-24,21741.61,18647.6,18791.14,19293.64,19774.2,21439.1,23209.63,23454.1,22040.35,24604.86,28408.97,31704.91,34766.47,36687.7,36875.17,37691.24,40266.95,43617.79,51255.91,54996.38,49013.6,23727.65,21993.84,21955.86
2014-07-25,21252.57,18988.6,17988.11,17875.64,18051.18,18562.69,20946.57,22385.2,22037.05,24131.14,26186.38,29443.75,34680.21,37997.01,35733.45,36954.7,40966.32,43853.18,51677.03,56516.63,49769.7,24079.67,23127.84,23403.51
2014-07-26,22917.93,19900.71,18212.19,18113.19,18566.74,18838.87,19955.22,20391.86,19574.58,21736.56,24875.67,27534.03,30565.99,32716.95,34461.15,35836.74,39905.26,43184.37,52349.28,57504.56,53118.44,27255.57,25250.02,25086.3
2014-07-27,23894.68,21074.73,19136.56,18422.95,18612.41,16541.15,17234.9,18972.69,21942.95,24762.13,26467.76,28768.61,31938.51,33307.5,34001.33,35105.49,38322.63,40684.9,50116.9,57034.05,52664.15,27598.06,28992.0,29530.06
2014-07-28,27068.93,24715.32,23514.64,24255.73,22808.85,22411.78,24240.28,29794.46,29955.56,31781.18,32954.51,31687.85,26493.47,19929.36,16343.72,15339.08,16359.32,18520.68,18956.58,20138.96,21877.63,23665.8,19852.17,16402.12
2014-07-29,13854.74,12218.3,11885.45,12978.61,14089.14,15078.5,16434.17,18017.25,21968.35,25777.08,28306.58,32497.98,34842.22,30533.27,22645.32,19524.91,20364.32,22414.78,22450.5,23640.2,26290.47,26242.14,21755.76,18043.1
2014-07-30,15446.87,13983.66,13690.14,14945.21,16514.93,17775.37,19055.47,22177.49,25445.35,27113.24,29145.35,33943.84,37066.3,34293.01,27057.86,24316.78,24570.06,26055.53,27561.44,30410.78,34258.27,31596.49,24679.26,20022.14
2014-07-31,17889.66,16271.81,16015.07,17356.01,18378.22,19185.8,19783.83,21009.73,24239.2,27289.84,30439.57,35391.03,39184.85,35830.51,29377.32,25649.38,25209.41,26747.49,29473.74,33142.86,35742.7,31942.41,23336.57,18940.18
2014-08-01,18253.95,17920.77,18286.95,19535.94,20355.66,20157.84,19584.08,20291.54,22898.47,27091.73,30765.03,37295.78,42019.68,36924.46,28226.24,23432.15,23054.68,26208.33,31177.91,33685.0,33735.32,27536.75,22173.68,19855.97
2014-08-02,14778.43,15673.27,17225.94,17882.75,18116.79,18836.36,20339.41,22014.74,24364.35,28547.72,36347.19,40362.76,42824.52,39904.21,34830.84,31371.65,30606.97,33304.34,37376.05,41083.25,41673.41,29737.27,22373.18,19814.85
2014-08-03,18222.69,17549.43,17677.11,18208.29,18467.98,19390.33,21684.69,23293.8,25435.88,28450.57,32385.67,37201.35,39537.1,36684.26,31242.1,27746.43,27622.84,30851.71,37094.97,41096.83,39739.28,29581.15,23000.84,20016.0
2014-08-04,18509.78,17535.01,17434.23,17480.37,18168.29,19396.6,20921.11,22861.13,25066.79,27856.2,32323.62,37551.71,40068.63,37858.74,31110.72,27640.37,27015.38,30481.41,36982.72,41295.29,40063.93,28482.69,22144.61,20050.51
2014-08-05,18102.78,17181.75,17098.84,17732.88,18445.17,18839.37,20827.41,23082.99,25718.28,29098.18,33830.44,38719.26,40388.1,36456.25,31292.91,28191.96,28150.49,31519.35,36649.34,40595.22,40640.95,30104.62,23139.36,20370.47
2014-08-06,18836.02,17404.03,17716.24,18103.24,19105.49,19996.58,21486.74,23840.53,26502.08,30103.05,35208.85,39472.58,40549.4,36076.36,31564.29,30435.59,30785.71,32470.67,37608.56,42169.91,42264.79,33288.76,26157.28,23883.82
2014-08-07,21943.46,20948.28,20703.23,20694.53,21958.38,22822.79,24511.62,27015.8,30348.59,33255.41,37029.01,40853.38,42156.46,37933.4,33279.86,30308.98,29982.77,32233.74,37202.37,41014.42,40873.46,31124.75,24804.9,22967.72
2014-08-08,21074.79,19676.35,19725.26,20285.74,20636.2,22111.28,24153.62,25401.57,27834.45,31499.68,37173.27,42857.59,44074.51,38214.5,30949.33,27611.3,26644.1,28607.88,32608.27,36839.13,36964.24,29212.2,24161.31,22398.32
2014-08-09,20588.23,19636.45,20383.91,20608.07,20987.78,21883.51,23726.94,26554.62,28739.88,31989.1,35434.13,37208.69,37990.22,34829.25,31504.16,28335.88,26828.69,29052.82,32805.45,37157.52,38115.29,30463.14,23862.79,22566.81
2014-08-10,20402.33,18813.27,13515.11,18785.34,19310.88,19835.43,21656.82,19679.86,21092.81,24729.71,22039.79,32870.99,39293.15,38628.76,32128.44,28428.11,27938.45,30459.28,36122.52,42199.98,44136.89,37400.81,30219.77,26249.55
2014-08-11,22643.95,19956.47,18391.55,17590.32,17286.5,17576.25,18929.98,21620.15,26453.61,31104.58,35131.73,39470.59,40730.68,37385.24,31436.61,28036.66,27700.68,30204.89,35509.18,40555.53,42708.44,35673.97,29146.79,24922.08
2014-08-12,21223.76,19019.19,16972.97,16480.93,16121.21,13973.4,18292.13,20694.24,23195.12,27701.16,33519.98,37619.26,39583.3,36107.05,31074.81,29116.66,28660.57,31431.44,35687.37,39842.48,41799.17,35056.69,29266.23,26845.66
2014-08-13,24702.67,21074.9,19341.9,18185.86,17682.22,17455.57,18575.95,21232.04,25660.6,30435.61,34738.09,38987.85,40714.73,37432.84,32534.48,30723.91,30161.18,31555.32,35911.24,40007.69,42170.61,36262.37,30474.47,27602.38
2014-08-14,25170.01,21618.2,19824.3,18559.53,17736.27,17424.98,18525.41,20953.18,25275.43,30435.75,34686.1,37136.09,38404.97,35726.81,30846.72,27982.21,28618.16,30863.42,33966.31,38973.18,41560.1,32148.97,26948.76,26818.01
2014-08-15,24433.06,21451.22,19984.93,19375.0,18917.79,18726.96,19684.43,20613.57,23772.46,28283.65,33151.88,40302.35,41808.91,36378.99,30057.49,27665.01,28295.42,29790.0,31604.73,35384.96,37148.56,31745.69,26314.74,25117.25
2014-08-16,23142.44,20189.5,18449.69,18586.13,16898.06,18144.02,19878.85,21708.24,24073.43,28259.93,33145.02,37421.22,39198.02,35332.24,30204.38,28053.73,28215.16,30908.91,34302.53,37847.92,39300.59,31895.4,26749.2,25187.69
2014-08-17,23016.82,20328.35,19248.42,18061.37,17933.02,18087.54,18027.55,20253.93,25314.22,28537.33,33856.12,36785.18,38892.89,35555.28,30885.68,29516.19,29112.48,30200.84,34541.05,39212.98,41323.77,34389.83,28655.08,27594.56
2014-08-18,25233.51,21110.64,18832.92,17376.63,17021.41,16567.53,17350.01,16607.54,23451.14,27422.17,26913.52,35070.94,37158.59,32872.11,27647.08,25095.44,27425.64,30963.07,35764.67,40720.24,40515.2,31045.47,25744.0,24633.72
2014-08-19,23395.74,22417.83,21643.95,20816.21,19588.61,18802.15,19080.49,20749.14,22442.51,25661.3,30307.75,35083.22,35591.15,28038.18,27556.13,26105.02,27455.13,30481.21,36134.62,40738.08,41125.54,31542.51,26224.65,23647.57
2014-08-20,21944.33,20550.29,21129.52,21727.64,22163.75,22401.33,21875.73,22639.03,25348.97,25841.92,30137.72,34577.9,36568.52,33508.36,27870.11,25143.06,27141.13,23802.66,33619.79,40165.66,41623.07,33605.04,27686.18,25146.99
2014-08-21,22536.96,20838.44,19279.24,19282.66,20129.33,21575.67,21760.84,22108.1,24319.9,26271.17,28425.72,33625.52,35378.05,32001.24,26903.58,25081.13,25329.9,29149.73,35960.63,40751.29,37639.02,32558.19,29183.87,27032.91
2014-08-22,24407.63,21332.22,19830.59,19467.51,19233.96,19876.38,21120.58,23891.2,27761.31,29806.91,32440.85,36813.49,35568.45,31177.81,23402.82,20345.63,21608.7,24977.56,29976.61,34767.5,37625.67,30839.28,26053.6,19613.57
2014-08-23,22085.64,23580.45,22544.94,21344.8,20528.3,20159.59,20810.26,22572.84,25748.4,29879.21,33319.52,35967.94,35938.95,29600.87,22246.56,20634.24,22589.96,24692.24,28945.26,34027.88,35647.41,28170.85,23929.42,21871.8
2014-08-24,17058.96,19329.82,20561.29,21636.48,21441.79,21738.49,21980.11,24165.41,28246.03,31703.59,36677.61,41592.3,43460.41,37986.45,30059.87,26053.59,24564.05,24630.83,30163.87,35634.89,37545.29,27802.22,22118.13,21668.31
2014-08-25,14680.93,19560.83,19489.59,20172.28,20799.02,22347.54,22780.47,25007.36,28674.02,31445.57,35583.91,39554.79,41862.68,38358.79,32054.03,28836.75,27729.41,28611.05,32108.49,38467.48,38122.15,27046.21,22887.24,21245.39
2014-08-26,19957.14,14902.69,17623.77,20391.75,20921.64,21284.39,22180.66,25389.0,29235.58,31229.25,35292.0,39220.08,40581.51,36391.16,31945.9,30142.01,29950.48,31666.58,34703.38,38753.54,39658.84,29448.37,21160.8,19524.19
2014-08-27,19119.8,17620.91,17022.65,18964.06,13607.15,20431.92,21300.22,24302.73,29601.89,33619.89,36826.14,40271.8,40961.08,36451.62,31065.75,29935.27,30862.33,34143.84,37442.39,41211.76,41682.19,30391.1,24650.88,23320.05
2014-08-28,18544.31,19476.09,19022.32,18809.41,19505.84,15953.19,20555.66,27128.86,31207.58,34438.42,38270.64,41663.38,40990.77,33737.74,27498.05,25315.96,25157.61,28421.52,32605.57,37299.69,38248.83,33707.3,25661.85,21177.88
2014-08-29,18284.95,16153.44,15296.41,12854.17,15703.89,17047.83,18187.1,18506.38,23692.54,31234.06,37533.57,44137.37,46274.39,38621.66,28490.45,24236.22,23395.75,25642.63,28714.39,32910.79,35361.73,33178.48,26836.28,23298.01
2014-08-30,20031.69,17385.59,16310.92,16208.12,15324.26,15156.88,18168.49,21269.07,25812.57,29364.11,29965.39,39253.42,42818.26,39030.16,31972.9,29641.4,28491.84,29030.2,31656.52,35879.44,39743.56,35138.48,28103.9,25721.96
2014-08-31,22283.93,19912.96,18678.55,18586.59,17878.39,18046.06,17383.21,20190.01,26922.91,30487.13,34888.42,37456.89,40814.31,37457.47,30374.85,27313.02,29015.11,31207.09,34138.91,37637.81,40946.24,34202.94,26586.34,23745.92
2014-09-01,14192.73,13760.03,12518.42,11814.27,11759.23,11930.72,16991.68,19345.88,26269.46,31925.54,37173.9,42261.78,42699.45,36092.18,30225.04,26583.95,25826.75,28243.32,31344.59,35936.64,39511.61,32216.92,26610.09,23110.23
2014-09-02,20707.31,18336.82,16020.25,15180.2,15364.44,16550.4,18908.03,24072.66,31769.03,35088.94,39364.23,43159.71,42906.96,36951.78,30241.24,26680.38,25603.35,27753.24,29763.8,34685.85,38294.09,31616.97,25994.53,23118.39
2014-09-03,19643.66,15999.05,14416.17,13955.33,14578.19,16325.12,18322.76,22864.49,29609.26,34188.29,39480.43,43407.75,44207.12,38511.03,32882.07,30052.26,30491.76,32155.41,33287.98,37197.12,40391.53,33062.38,26619.4,24305.66
2014-09-04,19901.41,17101.51,15645.76,15271.48,15192.1,14938.63,17561.69,22115.72,29117.77,34921.49,39108.09,42878.26,43022.06,36162.34,30748.57,28161.55,27403.44,28919.83,31621.75,36591.63,38955.6,31843.11,26119.69,23156.13
2014-09-05,19816.41,16961.17,16302.1,14717.43,13247.0,11931.16,15016.94,18215.45,23992.62,30476.57,37922.37,41156.02,45095.94,37249.59,28072.17,25007.22,26197.66,27709.6,29416.18,32462.0,35170.96,29344.28,23272.69,21842.66
2014-09-06,20970.18,18938.98,18115.56,16767.7,15896.28,15341.7,16276.34,17094.65,25253.54,29843.83,34642.63,40581.73,38684.74,32929.59,28873.4,26109.01,27184.73,30750.17,35800.75,41020.67,42418.37,33500.49,26207.24,23080.46
2014-09-07,20889.87,20016.34,20458.74,18951.15,17730.12,17648.14,18861.09,24898.06,29374.76,32185.91,37082.46,41733.32,41289.07,34077.46,28771.17,26549.03,27406.03,32257.64,36572.21,41420.54,41450.5,31542.3,24308.59,22735.86
2014-09-08,20971.96,19903.24,19907.36,19481.34,19383.36,20061.27,21071.39,25193.84,29040.94,30016.21,34057.16,40796.98,39197.39,28870.51,25945.15,27447.66,29177.64,30781.94,35209.48,42809.41,43644.3,33299.22,26488.4,23706.27
2014-09-09,20483.15,18631.46,18447.48,19747.18,21791.28,23136.36,24742.77,29309.79,32714.96,34385.33,38122.81,42266.99,41570.65,33768.19,28548.59,27671.38,29536.56,33190.62,38336.08,43313.69,44141.75,33382.34,26863.1,24193.22
2014-09-10,22088.27,20347.84,19189.65,20078.46,21681.93,22365.9,23666.18,30065.71,35536.65,36260.17,38963.53,44347.55,42461.77,34297.22,27767.96,26779.52,28431.29,31831.63,37495.69,43969.91,45825.53,32402.21,25400.09,23722.02
2014-09-11,21692.47,19407.27,19151.88,19725.92,22886.5,23218.88,24184.92,28708.59,33233.44,34790.55,39370.35,43554.26,43057.79,34865.59,30622.14,29687.37,30867.19,32756.64,36661.93,41525.19,43342.22,32638.07,25217.23,22811.34
2014-09-12,20703.84,19375.08,19210.13,19802.93,21446.77,21741.18,20990.44,24459.16,29256.65,34222.86,39467.76,45593.13,49062.88,37819.63,26768.27,23117.48,23218.67,22919.53,30554.71,35383.46,38762.77,32590.32,27875.59,25466.31
2014-09-13,21569.89,19496.43,18350.89,18485.95,18556.67,20721.15,24119.9,29059.12,33402.24,36896.65,40561.6,44507.02,44646.61,36503.72,28944.86,26569.42,28604.09,32073.92,37143.47,42506.04,44553.25,34942.8,28975.71,25097.19
2014-09-14,21255.75,19458.53,18929.5,19663.47,21018.1,22515.68,27318.25,32452.49,36113.75,37753.72,41541.31,45003.3,43456.96,34675.37,29377.46,28059.85,29135.46,33856.75,38059.3,43727.06,44938.48,34129.54,27984.99,24643.57
2014-09-15,21145.25,19367.0,19040.01,19579.51,20550.19,23262.47,26741.0,32147.3,35617.25,37044.87,41618.15,45911.65,43423.09,35037.03,28180.4,26800.35,28938.54,33627.49,38703.6,44449.15,44348.53,33424.71,28116.24,24672.29
2014-09-16,21063.06,19196.08,18695.04,19114.54,20168.43,23277.88,27275.36,32579.24,36364.72,38610.75,42823.19,45060.76,43081.76,35603.01,29479.11,27786.45,29864.1,33738.96,39181.87,45644.43,44498.15,33371.81,26374.12,25243.29
2014-09-17,22219.75,19238.13,18635.01,19299.26,20517.87,23152.98,26223.49,31581.54,36304.31,37959.38,41693.79,45693.35,42983.48,31069.45,27197.05,26096.79,27635.22,29096.26,33145.22,43573.56,43842.34,33021.91,28003.89,26881.5
2014-09-18,25440.32,22188.06,20258.16,20012.33,21115.34,22315.58,25284.24,32864.29,38583.09,40431.13,44291.41,47917.09,44683.87,35235.98,28327.92,26687.8,27946.42,30759.62,35622.72,42317.03,43687.18,32927.02,27449.45,27054.38
2014-09-19,24911.41,21921.91,19593.51,18736.85,19442.64,21179.26,23519.03,29292.39,35053.2,40209.39,46538.4,52604.13,53202.86,39964.98,28004.33,23798.58,22061.83,26308.85,30974.44,33574.57,32641.05,26360.77,24006.91,23915.73
2014-09-20,22327.54,21112.06,21042.58,20200.73,19169.01,20025.64,22543.45,28285.85,32084.02,36796.86,42733.1,46541.0,46706.89,40572.93,31555.39,28436.9,26492.24,27176.21,31069.99,37065.29,39921.65,26696.1,24319.38,23290.88
2014-09-21,21536.26,20491.03,20822.95,20571.28,21962.94,22215.02,24438.27,30545.33,34346.17,37051.76,42025.77,47890.36,47122.4,37885.94,31157.41,28352.46,27655.9,29249.79,34333.05,40588.81,39667.89,28626.21,25258.2,23562.03
2014-09-22,21824.44,20362.04,20698.51,21267.47,21529.68,22117.68,24424.68,30701.34,34968.69,38380.03,43166.42,47991.94,49529.74,39937.38,30528.8,28533.68,28147.94,30204.78,35855.25,41418.53,38996.93,27977.24,24747.07,24440.63
2014-09-23,23024.05,21519.12,21322.62,21770.8,22427.33,22388.62,25333.85,32017.92,35814.71,38300.47,43972.49,49038.29,50114.57,38969.2,33423.28,31230.43,29887.17,29776.6,34239.34,41722.48,42330.08,30912.42,26472.06,25117.6
2014-09-24,23311.27,21218.39,21310.01,22546.12,24115.76,23721.79,25856.25,32574.13,36613.05,39180.09,44294.57,50746.75,50034.69,40023.76,33486.56,30315.12,30148.66,31839.39,36373.8,43704.11,42861.19,31942.94,27669.79,26114.79
2014-09-25,24177.35,22672.37,21891.13,22751.72,24225.51,24102.03,26032.31,32532.87,36855.23,39760.25,44158.24,49855.66,50093.96,39449.14,32172.71,29463.44,29480.81,31687.14,36392.85,42088.67,40516.35,30927.26,27340.18,26426.17
2014-09-26,24062.36,21186.25,20902.84,22278.03,23659.79,23083.07,24077.65,28467.9,33670.27,39472.17,47880.08,56393.65,56067.17,43635.16,31839.68,26723.99,26578.6,28609.92,32366.62,38330.76,37215.59,29249.98,25570.31,23587.21
2014-09-27,22031.46,20429.74,20819.07,22910.51,25068.69,24931.85,25282.76,28793.58,33386.15,37723.74,43035.81,48413.39,48932.44,40939.26,33733.48,30456.64,30232.85,31762.59,37773.47,44165.93,42039.83,33492.9,28042.52,25715.97
2014-09-28,22820.03,20671.06,20378.86,20762.96,23593.03,24260.38,26957.38,32749.12,37148.22,40267.17,45818.74,50062.59,48566.34,38761.34,32933.12,30274.78,29982.01,33658.35,41310.17,47378.37,40734.35,31681.52,27733.56,25135.82
2014-09-29,23160.72,21179.3,21097.5,22638.18,24841.05,25166.05,27555.21,33317.78,38242.7,40411.21,45975.43,48655.97,46603.48,37069.82,30056.31,28283.0,28076.0,30831.59,36799.4,42905.76,39938.72,32064.16,27722.45,26004.99
2014-09-30,24064.99,22055.28,22373.08,23178.05,23732.09,23864.79,26120.01,31906.85,36085.3,39406.35,44861.24,50986.39,49409.05,40911.89,34612.02,31478.71,30466.14,32326.11,37588.81,43911.74,40273.92,30393.91,26640.73,25602.85
2014-10-01,20720.03,19672.28,18497.63,18765.27,19698.25,22602.51,27109.67,33583.92,38830.14,41824.26,45358.04,49245.66,47843.92,39063.65,32301.08,29919.39,29958.58,34684.94,40858.36,48383.19,44915.23,33267.93,27928.16,25238.76
2014-10-02,22907.14,20710.66,18980.6,18637.71,20769.16,25210.07,28800.37,31736.53,38108.75,41968.3,45368.98,48819.48,47553.52,39888.46,33854.9,31661.28,32684.36,37868.29,47381.02,50540.21,42351.73,35620.95,32364.25,29088.02
2014-10-03,26351.09,23230.43,20028.72,18738.4,19607.82,21378.0,21458.65,22180.33,27168.17,33108.11,39659.52,45171.5,47725.04,43721.29,36589.46,35325.76,41152.0,49653.7,55918.33,49172.23,35686.25,32807.57,30234.13,27840.87
2014-10-04,24015.64,20982.2,18256.93,16795.77,16778.59,15808.78,23007.93,32380.83,32854.99,34880.93,44935.91,53064.8,54569.11,46459.96,40804.99,40441.5,41776.2,42764.25,43020.55,42895.65,37022.38,29932.27,25535.29,22872.31
2014-10-05,18767.11,15249.34,11921.79,11023.46,13126.87,13489.6,15793.85,21420.62,27522.76,31311.62,35600.0,42824.42,42055.25,35649.03,28072.27,23307.94,22441.59,22788.83,24837.67,30923.77,31547.48,27692.34,25370.9,24060.53
2014-10-06,21196.45,18019.81,15763.08,14506.84,14309.52,12503.9,17279.17,25420.38,29960.33,34047.29,35969.26,42511.02,45208.65,36343.87,28743.0,27855.7,29458.79,31485.81,34861.65,42484.09,41441.81,32709.05,28460.44,28117.01
2014-10-07,25320.86,20317.84,18117.41,16708.06,16886.31,17226.23,20665.81,27838.1,32113.55,36455.48,41839.76,47828.64,46435.12,38054.0,30866.13,30047.2,31538.82,32701.54,37192.75,44380.95,41183.51,31335.38,27322.27,27431.39
2014-10-08,26721.98,21869.97,19096.51,18063.67,17599.32,18084.13,21704.19,28933.16,33017.88,37166.78,43061.55,48653.83,46520.53,36825.02,30401.6,29693.18,31597.64,33833.95,38571.68,45676.98,42310.38,33438.97,30055.42,30227.47
2014-10-09,28258.77,23573.45,20100.98,18736.32,18745.62,18606.28,22053.19,28913.25,32991.97,37082.11,42591.63,47829.61,46504.79,37122.94,31248.0,30007.08,31211.76,33247.92,37664.01,43703.54,38991.73,30859.04,28126.69,28857.78
2014-10-10,27174.05,22706.43,20070.23,17333.43,16251.67,15599.34,17600.68,22633.43,27906.75,35621.57,42402.9,53987.94,54333.41,41845.64,30308.1,29053.64,30408.93,31814.74,34235.99,38828.9,33940.98,27336.32,25491.75,25787.7
2014-10-11,24025.11,20877.55,19171.54,17813.5,17755.15,17574.13,20110.91,24306.66,29955.44,35230.65,41589.97,46826.86,46552.85,38490.57,31056.26,29214.99,31311.55,33439.47,38072.46,44655.41,39459.64,31230.0,27976.86,27470.87
2014-10-12,25217.59,21974.3,19259.93,18268.64,17993.57,18130.53,21314.7,28136.65,32308.12,35854.58,42420.81,47754.63,46057.8,37324.34,31653.51,29943.4,32486.91,35452.84,41212.42,47277.03,40586.46,32070.16,29566.35,30023.75
2014-10-13,26745.25,22763.74,20635.62,19261.69,19646.54,20318.94,24250.29,31410.26,35245.75,38984.73,45188.1,49398.35,47999.26,39373.97,33345.22,31728.79,33620.93,37043.21,42646.11,48569.58,41485.59,32829.32,30374.31,30491.03
2014-10-14,27120.97,23032.5,20736.98,18865.95,18759.76,19899.33,24159.0,30973.33,35366.48,38739.18,44546.26,50238.39,49048.54,41529.69,36598.8,35906.15,37565.98,41124.7,47534.17,53576.36,48091.67,39079.43,35144.3,34132.35
2014-10-15,31895.91,27534.55,25114.25,23890.1,23874.98,24878.01,29377.91,36636.5,42083.14,44858.58,50653.15,55641.72,55082.25,44862.25,37843.81,36657.89,39351.79,43095.43,47069.45,53878.71,50118.95,38902.21,35163.65,35776.16
2014-10-16,33760.72,28841.21,24613.69,23020.96,23416.28,23784.98,28008.66,35389.28,40390.09,44108.24,49723.54,54271.32,53782.8,43248.69,36184.52,33821.8,35307.13,39252.58,44788.91,50726.71,46161.38,37198.51,33207.94,34093.0
2014-10-17,31015.13,27451.57,24386.36,22292.65,21551.03,21507.26,23620.24,28349.36,33263.37,41480.76,50407.83,58487.65,59591.37,47472.15,35206.42,31871.66,31864.36,33186.69,36224.22,42574.19,39095.12,32290.83,29669.7,29008.0
2014-10-18,25498.24,21666.75,19685.4,18618.84,19203.25,20096.38,23099.72,27846.95,32269.59,37906.07,43224.83,47930.8,48849.35,40776.57,33594.41,30620.71,32212.56,33936.64,40289.99,48078.69,41494.72,32423.17,29449.79,28884.34
2014-10-19,25916.99,22283.63,20287.45,19882.94,21216.87,22175.74,26576.21,33424.27,36564.03,39195.2,44494.62,49460.05,47712.28,39052.09,33034.7,31366.6,32730.4,35491.93,41650.21,48885.52,42000.98,32999.59,30464.06,30315.29
2014-10-20,27854.85,24316.2,22310.87,20980.97,21506.74,22544.34,27374.42,33932.94,36887.87,39004.09,44457.3,48754.05,47999.98,40901.78,34889.32,33393.03,33698.29,36085.46,41910.74,48794.57,41537.78,34196.36,31457.84,30718.64
2014-10-21,27002.86,23482.69,21570.91,19844.47,19719.16,20633.25,24619.01,30664.82,34913.37,37297.4,41989.51,47409.76,47338.03,39989.81,35619.7,32542.78,32768.52,34934.69,41913.55,49375.0,42439.51,35071.47,31325.51,29790.35
2014-10-22,26361.73,22270.88,19741.91,19077.34,19635.34,20507.66,24748.98,31784.73,35979.95,39542.5,45500.77,50371.83,50124.47,42288.43,36502.26,34962.69,35411.55,38345.12,44371.39,49931.91,44765.8,37585.14,34322.31,33061.21
2014-10-23,29739.34,26290.11,22812.38,21770.7,22209.11,22771.11,27291.65,33648.88,37529.75,41106.54,47163.91,52252.54,52115.04,43254.45,38153.57,36047.63,36159.74,37940.3,43221.92,49436.98,44756.89,38291.21,35247.97,33917.74
2014-10-24,30542.88,26323.44,23673.0,21935.32,21337.29,21570.05,24672.85,28897.86,33208.79,41091.63,48470.95,56961.71,59628.28,48809.43,38032.35,34872.13,35424.79,35989.69,39433.67,46428.5,40628.22,35162.56,32365.75,31261.03
2014-10-25,27505.67,24163.5,22057.04,20878.92,20836.26,21627.95,25204.23,29122.7,32837.26,38980.07,44718.66,50781.27,51343.27,42798.58,36157.33,35509.69,36257.47,38023.25,44746.89,53805.37,48426.03,39920.22,34723.04,33647.98
2014-10-26,30445.25,24836.15,25626.67,24100.91,24396.92,26454.33,31815.32,37208.52,41051.61,42265.74,46855.24,49778.46,48759.73,41982.81,36006.76,34747.42,35318.47,39486.67,45035.4,50436.76,44087.46,37744.06,35399.78,34829.52
2014-10-27,31802.08,27170.94,25202.53,24311.73,24405.09,26294.76,31243.16,36305.07,40451.8,42891.97,47055.98,49756.32,48838.12,40696.26,35702.97,34383.42,36218.25,40536.9,45923.31,50667.36,43656.26,36872.84,34400.09,31908.14
2014-10-28,29091.7,26798.48,24937.92,24313.99,25011.66,26797.86,31185.14,36514.67,41063.54,44447.12,49012.45,51988.22,50431.98,43787.61,38767.46,38211.09,38001.39,41377.17,46661.22,51685.57,44541.32,37831.99,34625.83,33607.32
2014-10-29,30198.63,26494.0,24592.57,24274.41,24589.08,26287.02,30932.3,36379.22,41319.95,44843.71,49485.84,48621.66,47360.74,38868.85,32862.93,32540.4,33775.46,36894.71,41579.22,52127.86,46530.61,39258.04,37597.28,36124.98
2014-10-30,33919.65,31576.42,27464.06,26000.41,26409.5,27157.0,31222.51,35756.37,39868.41,42899.04,47501.85,51465.3,51607.2,45733.74,40192.91,39438.98,40903.3,42922.07,46699.32,49793.08,45121.19,38545.54,35807.91,35291.47
2014-10-31,33633.9,30849.39,27508.06,25486.82,27372.27,26233.27,28926.59,34828.81,39033.28,45371.93,53117.46,60694.42,61949.41,52008.35,43115.93,40991.21,42354.41,44382.6,47067.98,50510.48,46031.85,39480.19,37464.21,37203.43
2014-11-01,37433.49,37146.09,36752.43,37485.8,39868.32,43132.18,45057.3,45785.78,44652.54,49851.67,54259.88,57024.05,57497.5,49812.89,40985.9,37050.39,39077.16,44107.43,49663.86,57011.99,50221.07,42407.05,38980.83,41364.99
2014-11-02,40565.67,37831.94,36582.29,37314.51,40208.83,44450.68,47933.81,47862.46,46559.45,49476.81,53329.36,57488.06,57966.88,51679.37,45698.19,43974.5,47871.22,57569.93,65884.73,57111.89,49456.02,43037.04,40909.91,43647.79
2014-11-03,41954.26,39583.84,38581.14,38064.87,40232.82,43659.27,47280.57,47325.95,43297.24,47503.9,52214.99,55523.97,56903.01,51728.05,44785.77,42903.43,48691.65,59929.13,68938.97,56793.42,49136.87,43829.26,41373.54,43735.67
2014-11-04,42226.63,39516.49,38387.27,39310.82,43134.27,46019.83,51072.29,50617.4,54277.45,58293.69,61797.55,63735.8,64044.15,56659.81,49040.27,45897.59,47967.01,54285.11,63448.14,67618.72,61483.37,55923.83,51692.5,48902.36
2014-11-05,45693.2,46666.09,44255.18,45308.2,47745.91,49237.27,55619.12,57704.95,64016.54,66171.6,69990.21,75163.93,74004.1,65909.57,57603.83,54896.89,58370.28,65774.68,75988.14,83210.08,79633.24,72352.44,66977.8,62768.28
2014-11-06,59823.49,56583.34,52707.46,52275.33,53815.68,56183.84,62919.21,70930.06,78450.59,82209.67,88890.2,92702.83,92313.93,83144.07,75526.02,73205.48,76002.92,84984.36,94892.76,102094.21,99901.29,91959.9,85284.11,78869.9
2014-11-07,73838.48,69846.96,66933.62,66011.67,67006.26,69468.7,73731.05,77243.64,82742.79,91746.25,100714.18,110615.05,112163.02,102229.24,87707.85,80809.92,83117.2,85272.49,91998.33,101813.7,96649.97,88337.84,77906.35,77347.29
2014-11-08,71527.8,65711.61,63343.15,64821.91,66441.83,69645.83,73590.34,76487.51,80473.07,84622.99,86623.36,89051.76,89425.59,82713.29,69855.4,71649.64,73267.08,77993.16,84924.38,93700.88,89474.59,83816.16,80192.93,74679.29
2014-11-09,68596.55,64131.55,60743.9,60421.41,64448.71,67477.4,72517.35,78376.37,81259.63,81850.98,85488.46,90011.93,91169.53,83527.83,78933.16,77166.79,80800.44,81481.37,97793.15,105801.99,100923.2,94652.1,85815.42,81709.08
2014-11-10,79310.44,75882.57,72276.09,70635.18,71229.99,73957.58,78259.86,85206.04,91770.75,92054.39,85842.13,100489.66,102031.31,97030.29,92687.87,84547.97,92739.07,100259.09,111747.32,119956.95,114847.49,106260.52,98981.75,92457.41
2014-11-11,84475.96,80669.5,77586.62,78933.04,78634.44,79703.81,84382.4,91115.41,96645.86,97585.26,98260.83,89133.39,81274.12,83974.39,85481.21,82371.27,83220.53,88565.42,99043.76,110545.38,107585.9,102264.08,95630.9,89202.44
2014-11-12,82879.55,79164.83,77369.67,73381.1,72956.34,76842.13,80228.74,84874.69,89607.74,89634.04,90459.1,94976.01,93814.87,88310.82,84992.33,82170.06,81554.81,84794.85,92936.14,101456.29,100331.1,95768.33,89621.06,84650.36
2014-11-13,80173.5,76742.9,74604.03,72962.24,72947.11,73509.4,76871.55,80871.41,82953.47,85045.34,88587.44,88401.0,86681.51,80229.58,74651.18,71982.57,72424.76,71430.61,81998.18,91459.9,92095.44,88740.96,82292.27,76992.32
2014-11-14,70754.05,66766.2,64450.54,64576.5,65951.22,65715.63,66591.2,67507.84,69574.93,72329.99,81814.55,86231.32,87109.87,80261.25,71894.33,66152.87,64446.76,66482.05,73604.09,83104.3,81119.17,78705.37,70724.03,66474.6
2014-11-15,65465.85,58720.92,59686.19,57258.01,62056.22,60814.62,65755.05,61486.12,67999.23,72871.49,78468.51,82680.45,84200.63,80848.46,75203.42,70115.89,69529.05,73758.6,81482.42,90224.36,88202.94,85766.0,83235.39,80216.66
2014-11-16,75011.06,71358.68,69764.88,68554.69,69332.9,72246.42,76926.5,77182.61,85834.1,88814.52,93324.34,93021.67,92084.44,85216.89,79509.35,74838.92,73543.61,79788.35,89764.53,98501.85,93947.97,89897.35,84839.32,81052.5
2014-11-17,76168.91,70932.15,62854.69,68604.01,72324.15,76432.81,79137.85,83520.76,86313.86,89245.49,90740.89,94541.44,95968.34,88349.56,81570.68,76427.9,77135.13,82623.23,90342.45,100377.4,98332.68,94089.78,87185.08,81496.18
2014-11-18,77156.36,74414.43,73058.15,66612.78,75378.92,78695.12,83536.64,88834.43,90617.21,89278.71,90327.29,91286.01,91082.68,85774.47,80441.05,76153.12,74574.84,77507.14,88712.22,98845.8,94513.9,95475.48,88245.87,82108.45
2014-11-19,76384.8,72442.35,74436.39,75860.26,76042.64,74142.69,83518.01,88563.22,92955.73,94131.66,93969.82,92490.3,90295.26,83254.29,77743.92,75634.89,76507.21,78806.92,85564.52,93068.07,93529.23,90340.97,84396.37,77277.58
2014-11-20,75530.66,71617.54,67571.1,66632.56,67817.76,70854.77,71849.05,78631.36,84301.31,86029.8,87630.46,87435.49,83917.77,75173.7,68531.67,64775.51,64942.38,70490.67,78813.82,84394.39,82308.64,76616.14,72093.71,67343.1
2014-11-21,62947.79,56887.97,55643.55,53533.7,54573.81,56636.59,60594.34,61943.47,61866.75,71888.76,77081.32,82643.82,84930.77,77539.93,66808.29,60286.65,57044.71,59490.98,65890.88,72818.61,70449.44,66774.95,61485.84,57450.93
2014-11-22,53366.22,54603.77,54758.19,54937.55,55031.31,56717.41,55924.26,57927.13,60425.02,65266.0,69067.16,74746.08,76417.39,72204.25,65056.44,58338.89,61778.47,62596.77,66303.76,70175.46,69785.0,65905.28,61375.31,57584.54
2014-11-23,58898.98,53908.98,51037.31,47354.45,51084.64,53195.73,57657.42,56202.23,59537.87,60814.64,64608.61,66914.19,68017.36,62718.99,59422.14,56748.03,58139.53,62647.1,70633.42,76829.07,70961.72,65642.44,60690.99,62362.79
2014-11-24,60669.38,58108.98,54743.61,53031.8,52852.33,54167.62,58221.54,56991.15,59231.38,61471.15,65210.18,68800.46,70613.14,67064.11,63046.52,59843.24,61311.89,66778.72,75206.95,79404.47,75064.0,69735.56,65230.58,61625.95
2014-11-25,58817.34,60873.27,57584.12,55318.5,55475.32,57653.38,59146.5,61643.87,65122.06,66601.67,72035.3,74919.09,76744.72,73372.04,68792.4,65673.55,66692.84,70122.95,77801.04,83765.39,79860.93,74694.69,70162.89,66379.58
2014-11-26,64168.38,61380.79,58302.97,55892.16,56043.72,54984.68,59983.28,63695.23,67567.75,75476.95,77708.24,76989.63,80339.77,75433.94,70021.15,69002.94,69937.83,73729.89,81548.33,88352.36,87704.0,84142.77,74438.09,68478.41
2014-11-27,67205.21,63966.74,57779.56,54510.08,54351.36,55197.7,59579.24,65043.1,69868.51,72275.09,75146.13,77165.34,77419.2,72385.29,67624.41,64355.37,65186.89,68662.43,75580.23,79691.24,78677.15,75735.27,72358.64,70671.33
2014-11-28,69555.93,66964.88,61244.03,58066.16,56920.57,58179.38,61297.77,63809.86,67825.27,74759.46,80860.56,87821.25,91178.9,84130.73,77396.26,71919.57,70625.71,72473.74,77649.08,84151.35,81239.08,75763.77,71990.11,70366.4
2014-11-29,68582.26,67000.57,63244.7,60253.04,59589.17,60746.45,64680.96,67932.31,71168.37,74735.39,78703.1,83552.6,85696.84,80527.07,76052.51,73201.83,73980.99,78304.29,86820.52,93620.07,87370.58,83515.56,78172.04,72753.08
2014-11-30,69843.54,67226.57,63590.97,61770.7,61329.18,65251.17,67157.02,72892.71,80783.93,83781.37,86633.57,88517.43,90460.59,85281.08,83085.98,81095.67,82013.36,85495.9,93899.3,100106.55,95659.02,91090.01,85800.13,81504.35
2014-12-01,73326.41,71160.65,69256.38,69266.22,70155.73,73073.71,81413.83,90409.27,95176.18,98457.59,104544.15,109867.7,112086.72,105442.63,102500.93,100969.71,106185.52,115446.18,124962.18,130332.57,121606.3,112351.34,103917.99,96000.74
2014-12-02,87200.39,80891.83,80858.81,80496.3,81336.37,84735.74,92976.15,102919.59,109181.42,111896.17,114471.14,116563.8,115059.23,107540.56,102574.42,101306.94,105495.51,113015.46,125334.14,131412.12,125154.3,117134.59,108022.63,100570.87
2014-12-03,93647.93,87840.2,84688.77,84785.1,85163.23,88848.57,97431.92,106957.75,113032.97,116397.41,120886.69,121099.34,117276.8,106190.23,98256.3,94592.16,97745.39,105855.41,118364.55,125471.94,122825.43,115512.38,108246.88,100971.59
2014-12-04,94122.53,89488.23,85454.35,83251.51,84296.45,83794.73,94583.76,105098.08,110224.27,109359.77,113669.31,117074.24,113401.86,107767.62,102817.56,101447.75,105428.87,113540.07,124729.67,131430.72,128861.7,122979.26,115724.2,108078.01
2014-12-05,100450.39,94335.62,90548.58,89452.83,89574.96,91183.62,96696.34,102386.3,108259.23,117642.47,127434.21,133413.47,134668.15,125853.24,118872.95,115166.41,116865.5,120952.77,129163.86,137018.43,132087.17,125265.49,119149.77,112091.13
2014-12-06,105481.59,99568.45,95512.25,94786.9,95766.65,98711.19,105481.56,112550.81,118534.23,125795.56,129456.48,130908.2,129614.61,122551.59,116494.42,115645.12,119014.72,126887.09,139949.17,151636.09,147343.76,141084.61,133819.85,124925.9
2014-12-07,116586.72,111109.69,106574.48,104485.72,105031.82,108298.3,116418.33,128105.58,136831.44,141332.58,148911.41,154239.02,155905.09,149957.73,145089.9,136282.54,138729.82,145565.84,156930.42,174317.65,171855.85,165498.4,149426.86,144046.4
2014-12-08,135231.48,126984.96,121049.48,118706.4,119046.4,120765.54,127734.18,138023.25,146112.78,148881.3,150879.39,152002.1,148725.72,142354.54,140010.87,138486.84,142755.49,150682.76,163173.66,173623.64,171724.96,161854.35,151681.28,140889.14
2014-12-09,131481.65,124192.58,118771.03,117118.5,116949.21,118660.49,125449.17,137407.2,147184.26,152274.03,159446.39,167640.14,169583.59,167461.58,164163.44,162248.69,166658.35,172522.13,181975.83,192312.86,189021.49,179427.84,167834.18,155046.85
2014-12-10,144424.0,135351.47,128743.77,125803.04,125707.82,127358.92,134178.52,146591.25,156873.86,161853.86,158219.38,174281.3,170787.13,160678.51,156566.1,147993.3,147365.59,158569.76,168743.4,175655.25,174255.61,170176.42,162459.69,151659.21
2014-12-11,140752.19,132666.74,126111.22,122801.53,121818.36,123049.5,129748.97,141335.81,150184.01,153072.63,155772.73,157242.78,151818.11,141518.63,135439.04,132470.74,125044.87,131377.31,153689.84,162431.07,160586.04,156457.47,149902.72,142117.03
2014-12-12,133996.48,126724.52,121466.01,118419.12,116547.71,110891.78,121181.82,129665.61,137162.53,145593.38,150994.3,152574.05,150895.54,141827.59,131498.26,129135.19,130594.97,135355.69,147647.87,159252.4,154432.21,148093.85,142119.05,133544.36
2014-12-13,126503.95,121350.7,116859.12,113445.2,112358.94,112762.93,116903.41,123680.68,130649.08,135791.8,137501.98,137604.99,136508.18,131231.82,127413.23,128318.24,131658.81,137416.92,149254.04,159865.79,155509.84,147551.02,140786.46,131659.14
2014-12-14,124571.43,119748.53,114709.3,111064.14,109943.07,110848.27,116743.05,126306.03,133089.87,134859.7,139133.32,143221.7,143414.33,138070.31,133237.55,133108.74,137042.6,144530.78,155355.72,161636.41,156440.56,148947.06,141471.48,132402.07
2014-12-15,125667.09,120055.07,115895.83,112477.22,111518.25,112489.83,119084.85,128533.91,135587.16,137031.73,137496.63,137718.28,134932.29,126998.35,121957.98,119430.66,118673.01,128083.72,147071.27,154890.33,150074.91,142880.07,135497.17,128990.98
2014-12-16,123816.21,119216.66,114333.18,111720.33,110849.16,111431.12,117048.74,127322.07,136139.94,138828.42,144005.81,148070.55,147790.57,143863.25,142185.85,141390.6,145697.89,152367.1,162838.18,170858.55,165918.66,157461.56,148536.63,139864.94
2014-12-17,133593.18,121348.8,116277.91,116207.65,118921.38,119027.42,124293.0,133450.34,142106.07,143804.92,145330.78,146500.6,143072.51,136877.52,132760.89,131783.07,135305.18,142104.69,152935.04,160851.3,157707.23,150941.5,142490.34,133712.98
2014-12-18,127933.48,124047.4,120213.76,116700.86,115805.73,115666.83,120667.8,129975.4,137008.41,140669.37,141893.02,143997.45,143828.82,139231.3,135523.55,134348.41,137397.55,142888.18,152852.67,159229.98,155311.82,148302.61,139416.51,131423.49
2014-12-19,124534.8,119105.35,114571.25,111329.6,109606.54,109521.97,112960.01,118200.64,124775.53,133008.1,137907.75,140513.3,138554.53,128193.61,118083.84,114818.86,117366.64,122753.14,133749.11,143186.01,139310.77,131070.03,123100.65,115449.59
2014-12-20,110242.47,106681.29,104126.42,102111.41,101329.68,102195.9,106465.61,113120.02,119079.28,124199.42,125687.43,124384.86,121026.78,113070.5,107863.62,106173.5,109501.34,116172.54,129241.03,138665.29,133890.1,126678.87,120503.91,114319.88
2014-12-21,110020.56,106361.36,104069.65,99891.72,98776.36,99302.61,103606.09,111077.72,116584.01,121261.62,123515.94,124180.94,122796.36,115687.84,109763.96,108862.86,111210.86,117075.15,129180.73,139353.73,135718.3,128971.48,122649.16,115120.52
2014-12-22,110098.53,107382.56,104491.02,102858.24,102019.55,102336.33,107535.05,115381.36,120587.7,125711.76,123244.85,127898.94,125898.03,118965.97,112821.18,110850.85,114684.74,119996.63,127044.48,137032.36,133523.9,128031.61,121334.85,113371.37
2014-12-23,107852.37,102728.75,99450.93,96596.85,99185.26,97486.25,104175.32,112711.38,117914.36,121571.0,122502.52,126436.1,123503.47,115468.31,109012.99,103792.34,106312.95,117891.71,131132.13,142225.78,140777.98,135971.28,129269.92,120709.01
2014-12-24,113986.49,109617.64,105318.89,102813.95,102746.86,104049.93,109681.1,117893.95,124551.35,126837.83,123253.64,123548.54,121221.45,114433.73,110024.35,106661.34,108557.76,114303.34,126957.78,137089.73,136920.25,134308.89,127521.85,119232.96
2014-12-25,114179.03,109704.64,104111.2,101368.06,100628.35,101245.86,106141.59,115053.15,120904.07,125725.1,128284.99,128389.06,126381.26,121091.38,116222.65,114845.46,119294.74,124687.56,136505.18,143899.87,142554.43,137276.03,130412.77,122044.54
2014-12-26,115389.98,109505.21,104759.8,101621.89,100634.92,101558.03,105348.74,111856.38,117392.18,125622.11,131433.97,134532.98,134488.28,127636.32,121554.18,119937.2,122836.68,127919.01,136424.46,144208.76,141799.83,136294.2,130080.83,122114.16
2014-12-27,115992.28,111041.48,105705.11,103290.1,103169.38,104240.74,108287.35,115363.59,121528.55,128036.89,132814.73,134955.71,133979.15,128099.63,122427.42,121742.31,123030.0,128058.46,138578.07,146560.47,144844.02,138962.17,132956.26,125810.09
2014-12-28,124402.99,119541.38,115390.02,112787.53,111986.18,113179.21,118494.83,126369.88,132311.36,137894.62,141095.21,144140.71,144914.9,139952.06,136304.77,134535.35,139720.64,147844.77,157083.28,164700.57,162721.92,156235.37,147018.66,138946.49
2014-12-29,131432.57,125443.82,121555.56,118220.53,117363.51,118752.24,124777.01,132935.16,140577.6,147571.68,154216.86,160098.45,161579.92,159006.26,157155.57,156234.68,160362.36,166250.94,175038.03,181485.8,178872.91,172315.9,164467.37,154692.21
2014-12-30,145875.89,139724.08,134803.17,131739.03,130520.49,131838.89,137428.79,145848.56,154990.7,162819.96,168182.87,171711.53,171317.85,167289.85,164840.12,164457.67,165792.24,169367.76,177677.22,183941.51,182003.12,177027.86,169441.55,160775.09
2014-12-31,148677.11,136034.1,130409.3,126667.08,125065.72,125036.15,128313.97,138265.63,151386.44,163701.0,170654.81,176130.7,175094.95,168790.71,164483.33,161522.9,163192.17,167462.21,173946.18,178293.16,175839.5,169963.43,162203.84,152581.1
